algorithm,graph_id,nodes,edges,density,source,target,path_cost,runtime_ms,success,graph_source,run_type,expanded_nodes,edge_examinations,relaxations,path_evaluations,peak_memory_kb,seed,hmcr,par,hms,iterations
dijkstra,v50_sparse_seed11,50,86,sparse,0,49,116.0,0.0284,True,synthetic,timing,21,80,,,,,,,,
dijkstra,v50_sparse_seed11,50,86,sparse,0,49,116.0,0.0185,True,synthetic,timing,21,80,,,,,,,,
dijkstra,v50_sparse_seed11,50,86,sparse,0,49,116.0,0.016,True,synthetic,timing,21,80,,,,,,,,
dijkstra,v50_sparse_seed11,50,86,sparse,0,49,116.0,0.0559,True,synthetic,timing,21,80,,,,,,,,
dijkstra,v50_sparse_seed11,50,86,sparse,0,49,116.0,0.0192,True,synthetic,timing,21,80,,,,,,,,
dijkstra,v50_sparse_seed11,50,86,sparse,0,49,116.0,0.0592,True,synthetic,memory,21,80,,,4.172,,,,,
bellman_ford,v50_sparse_seed11,50,86,sparse,0,49,116.0,0.1492,True,synthetic,timing,,860,99,,,,,,,
bellman_ford,v50_sparse_seed11,50,86,sparse,0,49,116.0,0.1252,True,synthetic,timing,,860,99,,,,,,,
bellman_ford,v50_sparse_seed11,50,86,sparse,0,49,116.0,0.1206,True,synthetic,timing,,860,99,,,,,,,
bellman_ford,v50_sparse_seed11,50,86,sparse,0,49,116.0,0.1245,True,synthetic,timing,,860,99,,,,,,,
bellman_ford,v50_sparse_seed11,50,86,sparse,0,49,116.0,0.12,True,synthetic,timing,,860,99,,,,,,,
bellman_ford,v50_sparse_seed11,50,86,sparse,0,49,116.0,0.667,True,synthetic,memory,,860,99,,13.117,,,,,
astar,v50_sparse_seed11,50,86,sparse,0,49,116.0,0.0255,True,synthetic,timing,21,80,,,,,,,,
astar,v50_sparse_seed11,50,86,sparse,0,49,116.0,0.0182,True,synthetic,timing,21,80,,,,,,,,
astar,v50_sparse_seed11,50,86,sparse,0,49,116.0,0.0169,True,synthetic,timing,21,80,,,,,,,,
astar,v50_sparse_seed11,50,86,sparse,0,49,116.0,0.0164,True,synthetic,timing,21,80,,,,,,,,
astar,v50_sparse_seed11,50,86,sparse,0,49,116.0,0.0163,True,synthetic,timing,21,80,,,,,,,,
astar,v50_sparse_seed11,50,86,sparse,0,49,116.0,0.0449,True,synthetic,memory,21,80,,,4.336,,,,,
harmony_search,v50_sparse_seed11,50,86,sparse,0,49,116,4.8363,True,synthetic,timing,,,,279,,11000,0.8,0.3,30,250
harmony_search,v50_sparse_seed11,50,86,sparse,0,49,116,4.9387,True,synthetic,timing,,,,280,,11001,0.8,0.3,30,250
harmony_search,v50_sparse_seed11,50,86,sparse,0,49,116,5.0171,True,synthetic,timing,,,,280,,11002,0.8,0.3,30,250
harmony_search,v50_sparse_seed11,50,86,sparse,0,49,116,5.4721,True,synthetic,timing,,,,280,,11003,0.8,0.3,30,250
harmony_search,v50_sparse_seed11,50,86,sparse,0,49,116,5.4078,True,synthetic,timing,,,,280,,11004,0.8,0.3,30,250
harmony_search,v50_sparse_seed11,50,86,sparse,0,49,116,5.1644,True,synthetic,timing,,,,279,,11005,0.8,0.3,30,250
harmony_search,v50_sparse_seed11,50,86,sparse,0,49,116,5.1929,True,synthetic,timing,,,,280,,11006,0.8,0.3,30,250
harmony_search,v50_sparse_seed11,50,86,sparse,0,49,116,4.8526,True,synthetic,timing,,,,279,,11007,0.8,0.3,30,250
harmony_search,v50_sparse_seed11,50,86,sparse,0,49,116,5.118,True,synthetic,timing,,,,280,,11008,0.8,0.3,30,250
harmony_search,v50_sparse_seed11,50,86,sparse,0,49,116,4.8534,True,synthetic,timing,,,,280,,11009,0.8,0.3,30,250
harmony_search,v50_sparse_seed11,50,86,sparse,0,49,116,4.8733,True,synthetic,timing,,,,279,,11010,0.8,0.3,30,250
harmony_search,v50_sparse_seed11,50,86,sparse,0,49,116,5.6036,True,synthetic,timing,,,,280,,11011,0.8,0.3,30,250
harmony_search,v50_sparse_seed11,50,86,sparse,0,49,116,5.3343,True,synthetic,timing,,,,279,,11012,0.8,0.3,30,250
harmony_search,v50_sparse_seed11,50,86,sparse,0,49,116,5.3033,True,synthetic,timing,,,,280,,11013,0.8,0.3,30,250
harmony_search,v50_sparse_seed11,50,86,sparse,0,49,116,5.224,True,synthetic,timing,,,,280,,11014,0.8,0.3,30,250
harmony_search,v50_sparse_seed11,50,86,sparse,0,49,116,5.0625,True,synthetic,timing,,,,280,,11015,0.8,0.3,30,250
harmony_search,v50_sparse_seed11,50,86,sparse,0,49,116,5.3276,True,synthetic,timing,,,,279,,11016,0.8,0.3,30,250
harmony_search,v50_sparse_seed11,50,86,sparse,0,49,116,4.5317,True,synthetic,timing,,,,280,,11017,0.8,0.3,30,250
harmony_search,v50_sparse_seed11,50,86,sparse,0,49,116,5.3194,True,synthetic,timing,,,,280,,11018,0.8,0.3,30,250
harmony_search,v50_sparse_seed11,50,86,sparse,0,49,116,4.753,True,synthetic,timing,,,,280,,11019,0.8,0.3,30,250
harmony_search,v50_sparse_seed11,50,86,sparse,0,49,116,4.9851,True,synthetic,timing,,,,280,,11020,0.8,0.3,30,250
harmony_search,v50_sparse_seed11,50,86,sparse,0,49,116,5.6191,True,synthetic,timing,,,,280,,11021,0.8,0.3,30,250
harmony_search,v50_sparse_seed11,50,86,sparse,0,49,116,5.993,True,synthetic,timing,,,,280,,11022,0.8,0.3,30,250
harmony_search,v50_sparse_seed11,50,86,sparse,0,49,116,5.2285,True,synthetic,timing,,,,280,,11023,0.8,0.3,30,250
harmony_search,v50_sparse_seed11,50,86,sparse,0,49,116,5.013,True,synthetic,timing,,,,280,,11024,0.8,0.3,30,250
harmony_search,v50_sparse_seed11,50,86,sparse,0,49,116,5.2254,True,synthetic,timing,,,,279,,11025,0.8,0.3,30,250
harmony_search,v50_sparse_seed11,50,86,sparse,0,49,116,5.1437,True,synthetic,timing,,,,280,,11026,0.8,0.3,30,250
harmony_search,v50_sparse_seed11,50,86,sparse,0,49,116,5.4633,True,synthetic,timing,,,,280,,11027,0.8,0.3,30,250
harmony_search,v50_sparse_seed11,50,86,sparse,0,49,116,5.3674,True,synthetic,timing,,,,280,,11028,0.8,0.3,30,250
harmony_search,v50_sparse_seed11,50,86,sparse,0,49,116,4.9785,True,synthetic,timing,,,,280,,11029,0.8,0.3,30,250
harmony_search,v50_sparse_seed11,50,86,sparse,0,49,116,15.945,True,synthetic,memory,,,,279,21.539,11000,0.8,0.3,30,250
dijkstra,v50_sparse_seed23,50,98,sparse,0,49,106.0,0.0289,True,synthetic,timing,32,128,,,,,,,,
dijkstra,v50_sparse_seed23,50,98,sparse,0,49,106.0,0.0221,True,synthetic,timing,32,128,,,,,,,,
dijkstra,v50_sparse_seed23,50,98,sparse,0,49,106.0,0.0214,True,synthetic,timing,32,128,,,,,,,,
dijkstra,v50_sparse_seed23,50,98,sparse,0,49,106.0,0.0208,True,synthetic,timing,32,128,,,,,,,,
dijkstra,v50_sparse_seed23,50,98,sparse,0,49,106.0,0.0212,True,synthetic,timing,32,128,,,,,,,,
dijkstra,v50_sparse_seed23,50,98,sparse,0,49,106.0,0.0523,True,synthetic,memory,32,128,,,5.812,,,,,
bellman_ford,v50_sparse_seed23,50,98,sparse,0,49,106.0,0.1446,True,synthetic,timing,,980,82,,,,,,,
bellman_ford,v50_sparse_seed23,50,98,sparse,0,49,106.0,0.1369,True,synthetic,timing,,980,82,,,,,,,
bellman_ford,v50_sparse_seed23,50,98,sparse,0,49,106.0,0.1345,True,synthetic,timing,,980,82,,,,,,,
bellman_ford,v50_sparse_seed23,50,98,sparse,0,49,106.0,0.2124,True,synthetic,timing,,980,82,,,,,,,
bellman_ford,v50_sparse_seed23,50,98,sparse,0,49,106.0,0.1358,True,synthetic,timing,,980,82,,,,,,,
bellman_ford,v50_sparse_seed23,50,98,sparse,0,49,106.0,0.7623,True,synthetic,memory,,980,82,,13.055,,,,,
astar,v50_sparse_seed23,50,98,sparse,0,49,106.0,0.0269,True,synthetic,timing,32,128,,,,,,,,
astar,v50_sparse_seed23,50,98,sparse,0,49,106.0,0.0233,True,synthetic,timing,32,128,,,,,,,,
astar,v50_sparse_seed23,50,98,sparse,0,49,106.0,0.0227,True,synthetic,timing,32,128,,,,,,,,
astar,v50_sparse_seed23,50,98,sparse,0,49,106.0,0.0225,True,synthetic,timing,32,128,,,,,,,,
astar,v50_sparse_seed23,50,98,sparse,0,49,106.0,0.0224,True,synthetic,timing,32,128,,,,,,,,
astar,v50_sparse_seed23,50,98,sparse,0,49,106.0,0.0566,True,synthetic,memory,32,128,,,6.0,,,,,
harmony_search,v50_sparse_seed23,50,98,sparse,0,49,106,4.8918,True,synthetic,timing,,,,280,,23000,0.8,0.3,30,250
harmony_search,v50_sparse_seed23,50,98,sparse,0,49,106,4.8336,True,synthetic,timing,,,,280,,23001,0.8,0.3,30,250
harmony_search,v50_sparse_seed23,50,98,sparse,0,49,106,4.6986,True,synthetic,timing,,,,280,,23002,0.8,0.3,30,250
harmony_search,v50_sparse_seed23,50,98,sparse,0,49,106,5.5364,True,synthetic,timing,,,,280,,23003,0.8,0.3,30,250
harmony_search,v50_sparse_seed23,50,98,sparse,0,49,106,5.0396,True,synthetic,timing,,,,280,,23004,0.8,0.3,30,250
harmony_search,v50_sparse_seed23,50,98,sparse,0,49,106,4.6106,True,synthetic,timing,,,,280,,23005,0.8,0.3,30,250
harmony_search,v50_sparse_seed23,50,98,sparse,0,49,106,6.6271,True,synthetic,timing,,,,280,,23006,0.8,0.3,30,250
harmony_search,v50_sparse_seed23,50,98,sparse,0,49,106,4.9521,True,synthetic,timing,,,,280,,23007,0.8,0.3,30,250
harmony_search,v50_sparse_seed23,50,98,sparse,0,49,106,4.3576,True,synthetic,timing,,,,280,,23008,0.8,0.3,30,250
harmony_search,v50_sparse_seed23,50,98,sparse,0,49,106,5.0472,True,synthetic,timing,,,,280,,23009,0.8,0.3,30,250
harmony_search,v50_sparse_seed23,50,98,sparse,0,49,106,4.9701,True,synthetic,timing,,,,280,,23010,0.8,0.3,30,250
harmony_search,v50_sparse_seed23,50,98,sparse,0,49,106,5.0722,True,synthetic,timing,,,,280,,23011,0.8,0.3,30,250
harmony_search,v50_sparse_seed23,50,98,sparse,0,49,144,4.8783,True,synthetic,timing,,,,280,,23012,0.8,0.3,30,250
harmony_search,v50_sparse_seed23,50,98,sparse,0,49,106,5.1018,True,synthetic,timing,,,,280,,23013,0.8,0.3,30,250
harmony_search,v50_sparse_seed23,50,98,sparse,0,49,106,4.562,True,synthetic,timing,,,,280,,23014,0.8,0.3,30,250
harmony_search,v50_sparse_seed23,50,98,sparse,0,49,106,4.7292,True,synthetic,timing,,,,280,,23015,0.8,0.3,30,250
harmony_search,v50_sparse_seed23,50,98,sparse,0,49,106,4.4367,True,synthetic,timing,,,,280,,23016,0.8,0.3,30,250
harmony_search,v50_sparse_seed23,50,98,sparse,0,49,106,5.2292,True,synthetic,timing,,,,280,,23017,0.8,0.3,30,250
harmony_search,v50_sparse_seed23,50,98,sparse,0,49,106,5.1209,True,synthetic,timing,,,,280,,23018,0.8,0.3,30,250
harmony_search,v50_sparse_seed23,50,98,sparse,0,49,106,4.8605,True,synthetic,timing,,,,280,,23019,0.8,0.3,30,250
harmony_search,v50_sparse_seed23,50,98,sparse,0,49,106,4.5942,True,synthetic,timing,,,,280,,23020,0.8,0.3,30,250
harmony_search,v50_sparse_seed23,50,98,sparse,0,49,106,4.5883,True,synthetic,timing,,,,280,,23021,0.8,0.3,30,250
harmony_search,v50_sparse_seed23,50,98,sparse,0,49,106,5.3561,True,synthetic,timing,,,,280,,23022,0.8,0.3,30,250
harmony_search,v50_sparse_seed23,50,98,sparse,0,49,106,4.6981,True,synthetic,timing,,,,280,,23023,0.8,0.3,30,250
harmony_search,v50_sparse_seed23,50,98,sparse,0,49,106,4.8877,True,synthetic,timing,,,,280,,23024,0.8,0.3,30,250
harmony_search,v50_sparse_seed23,50,98,sparse,0,49,106,4.9593,True,synthetic,timing,,,,280,,23025,0.8,0.3,30,250
harmony_search,v50_sparse_seed23,50,98,sparse,0,49,106,4.9155,True,synthetic,timing,,,,280,,23026,0.8,0.3,30,250
harmony_search,v50_sparse_seed23,50,98,sparse,0,49,106,4.3337,True,synthetic,timing,,,,280,,23027,0.8,0.3,30,250
harmony_search,v50_sparse_seed23,50,98,sparse,0,49,106,4.6667,True,synthetic,timing,,,,280,,23028,0.8,0.3,30,250
harmony_search,v50_sparse_seed23,50,98,sparse,0,49,106,4.8377,True,synthetic,timing,,,,280,,23029,0.8,0.3,30,250
harmony_search,v50_sparse_seed23,50,98,sparse,0,49,106,16.656,True,synthetic,memory,,,,280,23.945,23000,0.8,0.3,30,250
dijkstra,v50_sparse_seed37,50,89,sparse,0,49,114.0,0.0259,True,synthetic,timing,22,87,,,,,,,,
dijkstra,v50_sparse_seed37,50,89,sparse,0,49,114.0,0.0418,True,synthetic,timing,22,87,,,,,,,,
dijkstra,v50_sparse_seed37,50,89,sparse,0,49,114.0,0.0349,True,synthetic,timing,22,87,,,,,,,,
dijkstra,v50_sparse_seed37,50,89,sparse,0,49,114.0,0.0168,True,synthetic,timing,22,87,,,,,,,,
dijkstra,v50_sparse_seed37,50,89,sparse,0,49,114.0,0.0156,True,synthetic,timing,22,87,,,,,,,,
dijkstra,v50_sparse_seed37,50,89,sparse,0,49,114.0,0.0459,True,synthetic,memory,22,87,,,4.094,,,,,
bellman_ford,v50_sparse_seed37,50,89,sparse,0,49,114.0,0.1191,True,synthetic,timing,,712,90,,,,,,,
bellman_ford,v50_sparse_seed37,50,89,sparse,0,49,114.0,0.1219,True,synthetic,timing,,712,90,,,,,,,
bellman_ford,v50_sparse_seed37,50,89,sparse,0,49,114.0,0.1093,True,synthetic,timing,,712,90,,,,,,,
bellman_ford,v50_sparse_seed37,50,89,sparse,0,49,114.0,0.1073,True,synthetic,timing,,712,90,,,,,,,
bellman_ford,v50_sparse_seed37,50,89,sparse,0,49,114.0,0.1079,True,synthetic,timing,,712,90,,,,,,,
bellman_ford,v50_sparse_seed37,50,89,sparse,0,49,114.0,0.5138,True,synthetic,memory,,712,90,,13.055,,,,,
astar,v50_sparse_seed37,50,89,sparse,0,49,114.0,0.02,True,synthetic,timing,22,87,,,,,,,,
astar,v50_sparse_seed37,50,89,sparse,0,49,114.0,0.0172,True,synthetic,timing,22,87,,,,,,,,
astar,v50_sparse_seed37,50,89,sparse,0,49,114.0,0.0164,True,synthetic,timing,22,87,,,,,,,,
astar,v50_sparse_seed37,50,89,sparse,0,49,114.0,0.0268,True,synthetic,timing,22,87,,,,,,,,
astar,v50_sparse_seed37,50,89,sparse,0,49,114.0,0.0166,True,synthetic,timing,22,87,,,,,,,,
astar,v50_sparse_seed37,50,89,sparse,0,49,114.0,0.0441,True,synthetic,memory,22,87,,,4.258,,,,,
harmony_search,v50_sparse_seed37,50,89,sparse,0,49,114,7.332,True,synthetic,timing,,,,279,,37000,0.8,0.3,30,250
harmony_search,v50_sparse_seed37,50,89,sparse,0,49,114,7.6705,True,synthetic,timing,,,,279,,37001,0.8,0.3,30,250
harmony_search,v50_sparse_seed37,50,89,sparse,0,49,114,7.2866,True,synthetic,timing,,,,278,,37002,0.8,0.3,30,250
harmony_search,v50_sparse_seed37,50,89,sparse,0,49,114,6.9965,True,synthetic,timing,,,,278,,37003,0.8,0.3,30,250
harmony_search,v50_sparse_seed37,50,89,sparse,0,49,114,6.5263,True,synthetic,timing,,,,280,,37004,0.8,0.3,30,250
harmony_search,v50_sparse_seed37,50,89,sparse,0,49,114,8.8561,True,synthetic,timing,,,,278,,37005,0.8,0.3,30,250
harmony_search,v50_sparse_seed37,50,89,sparse,0,49,149,7.4262,True,synthetic,timing,,,,278,,37006,0.8,0.3,30,250
harmony_search,v50_sparse_seed37,50,89,sparse,0,49,114,6.6786,True,synthetic,timing,,,,278,,37007,0.8,0.3,30,250
harmony_search,v50_sparse_seed37,50,89,sparse,0,49,114,6.8937,True,synthetic,timing,,,,280,,37008,0.8,0.3,30,250
harmony_search,v50_sparse_seed37,50,89,sparse,0,49,114,7.6381,True,synthetic,timing,,,,279,,37009,0.8,0.3,30,250
harmony_search,v50_sparse_seed37,50,89,sparse,0,49,114,7.1872,True,synthetic,timing,,,,280,,37010,0.8,0.3,30,250
harmony_search,v50_sparse_seed37,50,89,sparse,0,49,149,7.901,True,synthetic,timing,,,,279,,37011,0.8,0.3,30,250
harmony_search,v50_sparse_seed37,50,89,sparse,0,49,114,7.8211,True,synthetic,timing,,,,278,,37012,0.8,0.3,30,250
harmony_search,v50_sparse_seed37,50,89,sparse,0,49,114,7.8525,True,synthetic,timing,,,,279,,37013,0.8,0.3,30,250
harmony_search,v50_sparse_seed37,50,89,sparse,0,49,114,6.8897,True,synthetic,timing,,,,279,,37014,0.8,0.3,30,250
harmony_search,v50_sparse_seed37,50,89,sparse,0,49,114,6.9957,True,synthetic,timing,,,,279,,37015,0.8,0.3,30,250
harmony_search,v50_sparse_seed37,50,89,sparse,0,49,114,7.061,True,synthetic,timing,,,,280,,37016,0.8,0.3,30,250
harmony_search,v50_sparse_seed37,50,89,sparse,0,49,114,7.2617,True,synthetic,timing,,,,279,,37017,0.8,0.3,30,250
harmony_search,v50_sparse_seed37,50,89,sparse,0,49,114,6.476,True,synthetic,timing,,,,279,,37018,0.8,0.3,30,250
harmony_search,v50_sparse_seed37,50,89,sparse,0,49,114,6.801,True,synthetic,timing,,,,280,,37019,0.8,0.3,30,250
harmony_search,v50_sparse_seed37,50,89,sparse,0,49,114,7.8842,True,synthetic,timing,,,,277,,37020,0.8,0.3,30,250
harmony_search,v50_sparse_seed37,50,89,sparse,0,49,114,6.9236,True,synthetic,timing,,,,280,,37021,0.8,0.3,30,250
harmony_search,v50_sparse_seed37,50,89,sparse,0,49,114,7.0977,True,synthetic,timing,,,,280,,37022,0.8,0.3,30,250
harmony_search,v50_sparse_seed37,50,89,sparse,0,49,114,7.4097,True,synthetic,timing,,,,280,,37023,0.8,0.3,30,250
harmony_search,v50_sparse_seed37,50,89,sparse,0,49,114,7.098,True,synthetic,timing,,,,279,,37024,0.8,0.3,30,250
harmony_search,v50_sparse_seed37,50,89,sparse,0,49,149,7.487,True,synthetic,timing,,,,280,,37025,0.8,0.3,30,250
harmony_search,v50_sparse_seed37,50,89,sparse,0,49,114,6.5626,True,synthetic,timing,,,,280,,37026,0.8,0.3,30,250
harmony_search,v50_sparse_seed37,50,89,sparse,0,49,114,6.578,True,synthetic,timing,,,,278,,37027,0.8,0.3,30,250
harmony_search,v50_sparse_seed37,50,89,sparse,0,49,114,6.4942,True,synthetic,timing,,,,278,,37028,0.8,0.3,30,250
harmony_search,v50_sparse_seed37,50,89,sparse,0,49,114,6.34,True,synthetic,timing,,,,280,,37029,0.8,0.3,30,250
harmony_search,v50_sparse_seed37,50,89,sparse,0,49,114,25.5778,True,synthetic,memory,,,,279,26.742,37000,0.8,0.3,30,250
dijkstra,v50_moderate_seed11,50,178,moderate,0,49,93.0,0.0513,True,synthetic,timing,47,338,,,,,,,,
dijkstra,v50_moderate_seed11,50,178,moderate,0,49,93.0,0.0436,True,synthetic,timing,47,338,,,,,,,,
dijkstra,v50_moderate_seed11,50,178,moderate,0,49,93.0,0.0418,True,synthetic,timing,47,338,,,,,,,,
dijkstra,v50_moderate_seed11,50,178,moderate,0,49,93.0,0.0414,True,synthetic,timing,47,338,,,,,,,,
dijkstra,v50_moderate_seed11,50,178,moderate,0,49,93.0,0.041,True,synthetic,timing,47,338,,,,,,,,
dijkstra,v50_moderate_seed11,50,178,moderate,0,49,93.0,0.0914,True,synthetic,memory,47,338,,,6.0,,,,,
bellman_ford,v50_moderate_seed11,50,178,moderate,0,49,93.0,0.2631,True,synthetic,timing,,1780,160,,,,,,,
bellman_ford,v50_moderate_seed11,50,178,moderate,0,49,93.0,0.2534,True,synthetic,timing,,1780,160,,,,,,,
bellman_ford,v50_moderate_seed11,50,178,moderate,0,49,93.0,0.251,True,synthetic,timing,,1780,160,,,,,,,
bellman_ford,v50_moderate_seed11,50,178,moderate,0,49,93.0,0.2414,True,synthetic,timing,,1780,160,,,,,,,
bellman_ford,v50_moderate_seed11,50,178,moderate,0,49,93.0,0.2407,True,synthetic,timing,,1780,160,,,,,,,
bellman_ford,v50_moderate_seed11,50,178,moderate,0,49,93.0,1.3359,True,synthetic,memory,,1780,160,,13.055,,,,,
astar,v50_moderate_seed11,50,178,moderate,0,49,93.0,0.0495,True,synthetic,timing,47,338,,,,,,,,
astar,v50_moderate_seed11,50,178,moderate,0,49,93.0,0.0454,True,synthetic,timing,47,338,,,,,,,,
astar,v50_moderate_seed11,50,178,moderate,0,49,93.0,0.0455,True,synthetic,timing,47,338,,,,,,,,
astar,v50_moderate_seed11,50,178,moderate,0,49,93.0,0.0482,True,synthetic,timing,47,338,,,,,,,,
astar,v50_moderate_seed11,50,178,moderate,0,49,93.0,0.0437,True,synthetic,timing,47,338,,,,,,,,
astar,v50_moderate_seed11,50,178,moderate,0,49,93.0,0.1347,True,synthetic,memory,47,338,,,6.422,,,,,
harmony_search,v50_moderate_seed11,50,178,moderate,0,49,115,7.8165,True,synthetic,timing,,,,280,,11000,0.8,0.3,30,250
harmony_search,v50_moderate_seed11,50,178,moderate,0,49,122,8.094,True,synthetic,timing,,,,280,,11001,0.8,0.3,30,250
harmony_search,v50_moderate_seed11,50,178,moderate,0,49,125,7.1449,True,synthetic,timing,,,,280,,11002,0.8,0.3,30,250
harmony_search,v50_moderate_seed11,50,178,moderate,0,49,93,7.1962,True,synthetic,timing,,,,280,,11003,0.8,0.3,30,250
harmony_search,v50_moderate_seed11,50,178,moderate,0,49,115,8.5121,True,synthetic,timing,,,,280,,11004,0.8,0.3,30,250
harmony_search,v50_moderate_seed11,50,178,moderate,0,49,106,8.0684,True,synthetic,timing,,,,280,,11005,0.8,0.3,30,250
harmony_search,v50_moderate_seed11,50,178,moderate,0,49,93,8.9088,True,synthetic,timing,,,,280,,11006,0.8,0.3,30,250
harmony_search,v50_moderate_seed11,50,178,moderate,0,49,122,7.9693,True,synthetic,timing,,,,280,,11007,0.8,0.3,30,250
harmony_search,v50_moderate_seed11,50,178,moderate,0,49,115,7.9195,True,synthetic,timing,,,,280,,11008,0.8,0.3,30,250
harmony_search,v50_moderate_seed11,50,178,moderate,0,49,115,7.5852,True,synthetic,timing,,,,280,,11009,0.8,0.3,30,250
harmony_search,v50_moderate_seed11,50,178,moderate,0,49,106,8.5119,True,synthetic,timing,,,,280,,11010,0.8,0.3,30,250
harmony_search,v50_moderate_seed11,50,178,moderate,0,49,125,7.7484,True,synthetic,timing,,,,280,,11011,0.8,0.3,30,250
harmony_search,v50_moderate_seed11,50,178,moderate,0,49,128,8.3198,True,synthetic,timing,,,,280,,11012,0.8,0.3,30,250
harmony_search,v50_moderate_seed11,50,178,moderate,0,49,106,7.4209,True,synthetic,timing,,,,280,,11013,0.8,0.3,30,250
harmony_search,v50_moderate_seed11,50,178,moderate,0,49,93,7.9641,True,synthetic,timing,,,,280,,11014,0.8,0.3,30,250
harmony_search,v50_moderate_seed11,50,178,moderate,0,49,112,9.3011,True,synthetic,timing,,,,280,,11015,0.8,0.3,30,250
harmony_search,v50_moderate_seed11,50,178,moderate,0,49,122,8.6055,True,synthetic,timing,,,,280,,11016,0.8,0.3,30,250
harmony_search,v50_moderate_seed11,50,178,moderate,0,49,122,7.9388,True,synthetic,timing,,,,280,,11017,0.8,0.3,30,250
harmony_search,v50_moderate_seed11,50,178,moderate,0,49,93,7.9156,True,synthetic,timing,,,,280,,11018,0.8,0.3,30,250
harmony_search,v50_moderate_seed11,50,178,moderate,0,49,106,7.3755,True,synthetic,timing,,,,280,,11019,0.8,0.3,30,250
harmony_search,v50_moderate_seed11,50,178,moderate,0,49,125,8.202,True,synthetic,timing,,,,280,,11020,0.8,0.3,30,250
harmony_search,v50_moderate_seed11,50,178,moderate,0,49,122,7.4801,True,synthetic,timing,,,,280,,11021,0.8,0.3,30,250
harmony_search,v50_moderate_seed11,50,178,moderate,0,49,125,7.676,True,synthetic,timing,,,,280,,11022,0.8,0.3,30,250
harmony_search,v50_moderate_seed11,50,178,moderate,0,49,106,7.0012,True,synthetic,timing,,,,280,,11023,0.8,0.3,30,250
harmony_search,v50_moderate_seed11,50,178,moderate,0,49,125,10.0115,True,synthetic,timing,,,,280,,11024,0.8,0.3,30,250
harmony_search,v50_moderate_seed11,50,178,moderate,0,49,125,8.967,True,synthetic,timing,,,,280,,11025,0.8,0.3,30,250
harmony_search,v50_moderate_seed11,50,178,moderate,0,49,115,8.425,True,synthetic,timing,,,,280,,11026,0.8,0.3,30,250
harmony_search,v50_moderate_seed11,50,178,moderate,0,49,106,7.8625,True,synthetic,timing,,,,280,,11027,0.8,0.3,30,250
harmony_search,v50_moderate_seed11,50,178,moderate,0,49,115,7.3891,True,synthetic,timing,,,,280,,11028,0.8,0.3,30,250
harmony_search,v50_moderate_seed11,50,178,moderate,0,49,122,7.7291,True,synthetic,timing,,,,280,,11029,0.8,0.3,30,250
harmony_search,v50_moderate_seed11,50,178,moderate,0,49,115,23.887,True,synthetic,memory,,,,280,34.156,11000,0.8,0.3,30,250
dijkstra,v50_moderate_seed23,50,193,moderate,0,49,24.0,0.0296,True,synthetic,timing,23,183,,,,,,,,
dijkstra,v50_moderate_seed23,50,193,moderate,0,49,24.0,0.0324,True,synthetic,timing,23,183,,,,,,,,
dijkstra,v50_moderate_seed23,50,193,moderate,0,49,24.0,0.0235,True,synthetic,timing,23,183,,,,,,,,
dijkstra,v50_moderate_seed23,50,193,moderate,0,49,24.0,0.0231,True,synthetic,timing,23,183,,,,,,,,
dijkstra,v50_moderate_seed23,50,193,moderate,0,49,24.0,0.0227,True,synthetic,timing,23,183,,,,,,,,
dijkstra,v50_moderate_seed23,50,193,moderate,0,49,24.0,0.0518,True,synthetic,memory,23,183,,,5.969,,,,,
bellman_ford,v50_moderate_seed23,50,193,moderate,0,49,24.0,0.2792,True,synthetic,timing,,1930,158,,,,,,,
bellman_ford,v50_moderate_seed23,50,193,moderate,0,49,24.0,0.2638,True,synthetic,timing,,1930,158,,,,,,,
bellman_ford,v50_moderate_seed23,50,193,moderate,0,49,24.0,0.2615,True,synthetic,timing,,1930,158,,,,,,,
bellman_ford,v50_moderate_seed23,50,193,moderate,0,49,24.0,0.2602,True,synthetic,timing,,1930,158,,,,,,,
bellman_ford,v50_moderate_seed23,50,193,moderate,0,49,24.0,0.2629,True,synthetic,timing,,1930,158,,,,,,,
bellman_ford,v50_moderate_seed23,50,193,moderate,0,49,24.0,1.4697,True,synthetic,memory,,1930,158,,13.055,,,,,
astar,v50_moderate_seed23,50,193,moderate,0,49,24.0,0.0365,True,synthetic,timing,23,183,,,,,,,,
astar,v50_moderate_seed23,50,193,moderate,0,49,24.0,0.0266,True,synthetic,timing,23,183,,,,,,,,
astar,v50_moderate_seed23,50,193,moderate,0,49,24.0,0.0252,True,synthetic,timing,23,183,,,,,,,,
astar,v50_moderate_seed23,50,193,moderate,0,49,24.0,0.0248,True,synthetic,timing,23,183,,,,,,,,
astar,v50_moderate_seed23,50,193,moderate,0,49,24.0,0.0247,True,synthetic,timing,23,183,,,,,,,,
astar,v50_moderate_seed23,50,193,moderate,0,49,24.0,0.0792,True,synthetic,memory,23,183,,,6.133,,,,,
harmony_search,v50_moderate_seed23,50,193,moderate,0,49,24,6.2319,True,synthetic,timing,,,,280,,23000,0.8,0.3,30,250
harmony_search,v50_moderate_seed23,50,193,moderate,0,49,24,6.2088,True,synthetic,timing,,,,280,,23001,0.8,0.3,30,250
harmony_search,v50_moderate_seed23,50,193,moderate,0,49,24,6.0424,True,synthetic,timing,,,,280,,23002,0.8,0.3,30,250
harmony_search,v50_moderate_seed23,50,193,moderate,0,49,39,7.3776,True,synthetic,timing,,,,280,,23003,0.8,0.3,30,250
harmony_search,v50_moderate_seed23,50,193,moderate,0,49,24,5.9649,True,synthetic,timing,,,,280,,23004,0.8,0.3,30,250
harmony_search,v50_moderate_seed23,50,193,moderate,0,49,24,6.809,True,synthetic,timing,,,,280,,23005,0.8,0.3,30,250
harmony_search,v50_moderate_seed23,50,193,moderate,0,49,24,6.0465,True,synthetic,timing,,,,280,,23006,0.8,0.3,30,250
harmony_search,v50_moderate_seed23,50,193,moderate,0,49,39,6.9738,True,synthetic,timing,,,,280,,23007,0.8,0.3,30,250
harmony_search,v50_moderate_seed23,50,193,moderate,0,49,24,6.4581,True,synthetic,timing,,,,280,,23008,0.8,0.3,30,250
harmony_search,v50_moderate_seed23,50,193,moderate,0,49,24,6.3164,True,synthetic,timing,,,,280,,23009,0.8,0.3,30,250
harmony_search,v50_moderate_seed23,50,193,moderate,0,49,39,6.537,True,synthetic,timing,,,,280,,23010,0.8,0.3,30,250
harmony_search,v50_moderate_seed23,50,193,moderate,0,49,24,6.8235,True,synthetic,timing,,,,280,,23011,0.8,0.3,30,250
harmony_search,v50_moderate_seed23,50,193,moderate,0,49,45,7.4211,True,synthetic,timing,,,,280,,23012,0.8,0.3,30,250
harmony_search,v50_moderate_seed23,50,193,moderate,0,49,24,6.8771,True,synthetic,timing,,,,280,,23013,0.8,0.3,30,250
harmony_search,v50_moderate_seed23,50,193,moderate,0,49,24,6.2537,True,synthetic,timing,,,,280,,23014,0.8,0.3,30,250
harmony_search,v50_moderate_seed23,50,193,moderate,0,49,24,6.1947,True,synthetic,timing,,,,280,,23015,0.8,0.3,30,250
harmony_search,v50_moderate_seed23,50,193,moderate,0,49,24,5.8057,True,synthetic,timing,,,,280,,23016,0.8,0.3,30,250
harmony_search,v50_moderate_seed23,50,193,moderate,0,49,24,7.2958,True,synthetic,timing,,,,280,,23017,0.8,0.3,30,250
harmony_search,v50_moderate_seed23,50,193,moderate,0,49,24,5.863,True,synthetic,timing,,,,280,,23018,0.8,0.3,30,250
harmony_search,v50_moderate_seed23,50,193,moderate,0,49,24,6.853,True,synthetic,timing,,,,280,,23019,0.8,0.3,30,250
harmony_search,v50_moderate_seed23,50,193,moderate,0,49,24,6.6793,True,synthetic,timing,,,,280,,23020,0.8,0.3,30,250
harmony_search,v50_moderate_seed23,50,193,moderate,0,49,24,6.1301,True,synthetic,timing,,,,280,,23021,0.8,0.3,30,250
harmony_search,v50_moderate_seed23,50,193,moderate,0,49,24,6.4843,True,synthetic,timing,,,,280,,23022,0.8,0.3,30,250
harmony_search,v50_moderate_seed23,50,193,moderate,0,49,24,6.3078,True,synthetic,timing,,,,280,,23023,0.8,0.3,30,250
harmony_search,v50_moderate_seed23,50,193,moderate,0,49,24,7.0793,True,synthetic,timing,,,,280,,23024,0.8,0.3,30,250
harmony_search,v50_moderate_seed23,50,193,moderate,0,49,24,5.9611,True,synthetic,timing,,,,280,,23025,0.8,0.3,30,250
harmony_search,v50_moderate_seed23,50,193,moderate,0,49,24,5.7124,True,synthetic,timing,,,,280,,23026,0.8,0.3,30,250
harmony_search,v50_moderate_seed23,50,193,moderate,0,49,24,6.2272,True,synthetic,timing,,,,280,,23027,0.8,0.3,30,250
harmony_search,v50_moderate_seed23,50,193,moderate,0,49,39,6.8472,True,synthetic,timing,,,,280,,23028,0.8,0.3,30,250
harmony_search,v50_moderate_seed23,50,193,moderate,0,49,24,6.5925,True,synthetic,timing,,,,280,,23029,0.8,0.3,30,250
harmony_search,v50_moderate_seed23,50,193,moderate,0,49,24,19.4717,True,synthetic,memory,,,,280,29.125,23000,0.8,0.3,30,250
dijkstra,v50_moderate_seed37,50,181,moderate,0,49,50.0,0.0138,True,synthetic,timing,6,37,,,,,,,,
dijkstra,v50_moderate_seed37,50,181,moderate,0,49,50.0,0.0088,True,synthetic,timing,6,37,,,,,,,,
dijkstra,v50_moderate_seed37,50,181,moderate,0,49,50.0,0.0078,True,synthetic,timing,6,37,,,,,,,,
dijkstra,v50_moderate_seed37,50,181,moderate,0,49,50.0,0.0079,True,synthetic,timing,6,37,,,,,,,,
dijkstra,v50_moderate_seed37,50,181,moderate,0,49,50.0,0.0076,True,synthetic,timing,6,37,,,,,,,,
dijkstra,v50_moderate_seed37,50,181,moderate,0,49,50.0,0.0215,True,synthetic,memory,6,37,,,4.172,,,,,
bellman_ford,v50_moderate_seed37,50,181,moderate,0,49,50.0,0.2497,True,synthetic,timing,,1810,131,,,,,,,
bellman_ford,v50_moderate_seed37,50,181,moderate,0,49,50.0,0.2457,True,synthetic,timing,,1810,131,,,,,,,
bellman_ford,v50_moderate_seed37,50,181,moderate,0,49,50.0,0.2421,True,synthetic,timing,,1810,131,,,,,,,
bellman_ford,v50_moderate_seed37,50,181,moderate,0,49,50.0,0.246,True,synthetic,timing,,1810,131,,,,,,,
bellman_ford,v50_moderate_seed37,50,181,moderate,0,49,50.0,0.2457,True,synthetic,timing,,1810,131,,,,,,,
bellman_ford,v50_moderate_seed37,50,181,moderate,0,49,50.0,1.2142,True,synthetic,memory,,1810,131,,13.055,,,,,
astar,v50_moderate_seed37,50,181,moderate,0,49,50.0,0.012,True,synthetic,timing,6,37,,,,,,,,
astar,v50_moderate_seed37,50,181,moderate,0,49,50.0,0.0117,True,synthetic,timing,6,37,,,,,,,,
astar,v50_moderate_seed37,50,181,moderate,0,49,50.0,0.0086,True,synthetic,timing,6,37,,,,,,,,
astar,v50_moderate_seed37,50,181,moderate,0,49,50.0,0.0082,True,synthetic,timing,6,37,,,,,,,,
astar,v50_moderate_seed37,50,181,moderate,0,49,50.0,0.0082,True,synthetic,timing,6,37,,,,,,,,
astar,v50_moderate_seed37,50,181,moderate,0,49,50.0,0.0224,True,synthetic,memory,6,37,,,4.336,,,,,
harmony_search,v50_moderate_seed37,50,181,moderate,0,49,50,4.6243,True,synthetic,timing,,,,280,,37000,0.8,0.3,30,250
harmony_search,v50_moderate_seed37,50,181,moderate,0,49,50,4.678,True,synthetic,timing,,,,280,,37001,0.8,0.3,30,250
harmony_search,v50_moderate_seed37,50,181,moderate,0,49,50,4.9757,True,synthetic,timing,,,,280,,37002,0.8,0.3,30,250
harmony_search,v50_moderate_seed37,50,181,moderate,0,49,50,4.7025,True,synthetic,timing,,,,280,,37003,0.8,0.3,30,250
harmony_search,v50_moderate_seed37,50,181,moderate,0,49,50,4.4078,True,synthetic,timing,,,,280,,37004,0.8,0.3,30,250
harmony_search,v50_moderate_seed37,50,181,moderate,0,49,50,4.5579,True,synthetic,timing,,,,280,,37005,0.8,0.3,30,250
harmony_search,v50_moderate_seed37,50,181,moderate,0,49,50,4.2095,True,synthetic,timing,,,,280,,37006,0.8,0.3,30,250
harmony_search,v50_moderate_seed37,50,181,moderate,0,49,50,4.7367,True,synthetic,timing,,,,280,,37007,0.8,0.3,30,250
harmony_search,v50_moderate_seed37,50,181,moderate,0,49,50,4.9837,True,synthetic,timing,,,,280,,37008,0.8,0.3,30,250
harmony_search,v50_moderate_seed37,50,181,moderate,0,49,50,4.3186,True,synthetic,timing,,,,280,,37009,0.8,0.3,30,250
harmony_search,v50_moderate_seed37,50,181,moderate,0,49,50,4.5203,True,synthetic,timing,,,,280,,37010,0.8,0.3,30,250
harmony_search,v50_moderate_seed37,50,181,moderate,0,49,50,4.9538,True,synthetic,timing,,,,280,,37011,0.8,0.3,30,250
harmony_search,v50_moderate_seed37,50,181,moderate,0,49,50,4.9937,True,synthetic,timing,,,,280,,37012,0.8,0.3,30,250
harmony_search,v50_moderate_seed37,50,181,moderate,0,49,50,4.6945,True,synthetic,timing,,,,280,,37013,0.8,0.3,30,250
harmony_search,v50_moderate_seed37,50,181,moderate,0,49,50,4.6929,True,synthetic,timing,,,,280,,37014,0.8,0.3,30,250
harmony_search,v50_moderate_seed37,50,181,moderate,0,49,50,4.4209,True,synthetic,timing,,,,280,,37015,0.8,0.3,30,250
harmony_search,v50_moderate_seed37,50,181,moderate,0,49,50,3.7885,True,synthetic,timing,,,,280,,37016,0.8,0.3,30,250
harmony_search,v50_moderate_seed37,50,181,moderate,0,49,50,4.6862,True,synthetic,timing,,,,280,,37017,0.8,0.3,30,250
harmony_search,v50_moderate_seed37,50,181,moderate,0,49,50,4.7702,True,synthetic,timing,,,,280,,37018,0.8,0.3,30,250
harmony_search,v50_moderate_seed37,50,181,moderate,0,49,50,4.6723,True,synthetic,timing,,,,280,,37019,0.8,0.3,30,250
harmony_search,v50_moderate_seed37,50,181,moderate,0,49,50,4.5086,True,synthetic,timing,,,,280,,37020,0.8,0.3,30,250
harmony_search,v50_moderate_seed37,50,181,moderate,0,49,50,4.9803,True,synthetic,timing,,,,280,,37021,0.8,0.3,30,250
harmony_search,v50_moderate_seed37,50,181,moderate,0,49,50,4.6533,True,synthetic,timing,,,,280,,37022,0.8,0.3,30,250
harmony_search,v50_moderate_seed37,50,181,moderate,0,49,50,4.6734,True,synthetic,timing,,,,280,,37023,0.8,0.3,30,250
harmony_search,v50_moderate_seed37,50,181,moderate,0,49,50,4.8975,True,synthetic,timing,,,,280,,37024,0.8,0.3,30,250
harmony_search,v50_moderate_seed37,50,181,moderate,0,49,50,4.0303,True,synthetic,timing,,,,280,,37025,0.8,0.3,30,250
harmony_search,v50_moderate_seed37,50,181,moderate,0,49,50,4.7127,True,synthetic,timing,,,,280,,37026,0.8,0.3,30,250
harmony_search,v50_moderate_seed37,50,181,moderate,0,49,50,4.3888,True,synthetic,timing,,,,280,,37027,0.8,0.3,30,250
harmony_search,v50_moderate_seed37,50,181,moderate,0,49,50,4.885,True,synthetic,timing,,,,280,,37028,0.8,0.3,30,250
harmony_search,v50_moderate_seed37,50,181,moderate,0,49,50,4.7704,True,synthetic,timing,,,,280,,37029,0.8,0.3,30,250
harmony_search,v50_moderate_seed37,50,181,moderate,0,49,50,14.5455,True,synthetic,memory,,,,280,27.305,37000,0.8,0.3,30,250
dijkstra,v50_dense_seed11,50,321,dense,0,49,62.0,0.0647,True,synthetic,timing,49,623,,,,,,,,
dijkstra,v50_dense_seed11,50,321,dense,0,49,62.0,0.0562,True,synthetic,timing,49,623,,,,,,,,
dijkstra,v50_dense_seed11,50,321,dense,0,49,62.0,0.0553,True,synthetic,timing,49,623,,,,,,,,
dijkstra,v50_dense_seed11,50,321,dense,0,49,62.0,0.0554,True,synthetic,timing,49,623,,,,,,,,
dijkstra,v50_dense_seed11,50,321,dense,0,49,62.0,0.055,True,synthetic,timing,49,623,,,,,,,,
dijkstra,v50_dense_seed11,50,321,dense,0,49,62.0,0.1202,True,synthetic,memory,49,623,,,6.0,,,,,
bellman_ford,v50_dense_seed11,50,321,dense,0,49,62.0,0.45,True,synthetic,timing,,3210,187,,,,,,,
bellman_ford,v50_dense_seed11,50,321,dense,0,49,62.0,0.4284,True,synthetic,timing,,3210,187,,,,,,,
bellman_ford,v50_dense_seed11,50,321,dense,0,49,62.0,0.4235,True,synthetic,timing,,3210,187,,,,,,,
bellman_ford,v50_dense_seed11,50,321,dense,0,49,62.0,0.4429,True,synthetic,timing,,3210,187,,,,,,,
bellman_ford,v50_dense_seed11,50,321,dense,0,49,62.0,0.4392,True,synthetic,timing,,3210,187,,,,,,,
bellman_ford,v50_dense_seed11,50,321,dense,0,49,62.0,2.4161,True,synthetic,memory,,3210,187,,44.867,,,,,
astar,v50_dense_seed11,50,321,dense,0,49,62.0,0.0691,True,synthetic,timing,49,623,,,,,,,,
astar,v50_dense_seed11,50,321,dense,0,49,62.0,0.0621,True,synthetic,timing,49,623,,,,,,,,
astar,v50_dense_seed11,50,321,dense,0,49,62.0,0.0598,True,synthetic,timing,49,623,,,,,,,,
astar,v50_dense_seed11,50,321,dense,0,49,62.0,0.0584,True,synthetic,timing,49,623,,,,,,,,
astar,v50_dense_seed11,50,321,dense,0,49,62.0,0.0584,True,synthetic,timing,49,623,,,,,,,,
astar,v50_dense_seed11,50,321,dense,0,49,62.0,0.2495,True,synthetic,memory,49,623,,,7.305,,,,,
harmony_search,v50_dense_seed11,50,321,dense,0,49,68,6.7021,True,synthetic,timing,,,,280,,11000,0.8,0.3,30,250
harmony_search,v50_dense_seed11,50,321,dense,0,49,65,7.5944,True,synthetic,timing,,,,280,,11001,0.8,0.3,30,250
harmony_search,v50_dense_seed11,50,321,dense,0,49,65,7.4194,True,synthetic,timing,,,,280,,11002,0.8,0.3,30,250
harmony_search,v50_dense_seed11,50,321,dense,0,49,68,7.4876,True,synthetic,timing,,,,280,,11003,0.8,0.3,30,250
harmony_search,v50_dense_seed11,50,321,dense,0,49,68,6.9327,True,synthetic,timing,,,,280,,11004,0.8,0.3,30,250
harmony_search,v50_dense_seed11,50,321,dense,0,49,65,7.0569,True,synthetic,timing,,,,280,,11005,0.8,0.3,30,250
harmony_search,v50_dense_seed11,50,321,dense,0,49,82,7.9057,True,synthetic,timing,,,,280,,11006,0.8,0.3,30,250
harmony_search,v50_dense_seed11,50,321,dense,0,49,68,7.2266,True,synthetic,timing,,,,280,,11007,0.8,0.3,30,250
harmony_search,v50_dense_seed11,50,321,dense,0,49,65,7.5648,True,synthetic,timing,,,,280,,11008,0.8,0.3,30,250
harmony_search,v50_dense_seed11,50,321,dense,0,49,65,7.3282,True,synthetic,timing,,,,280,,11009,0.8,0.3,30,250
harmony_search,v50_dense_seed11,50,321,dense,0,49,65,7.5285,True,synthetic,timing,,,,280,,11010,0.8,0.3,30,250
harmony_search,v50_dense_seed11,50,321,dense,0,49,65,6.5194,True,synthetic,timing,,,,280,,11011,0.8,0.3,30,250
harmony_search,v50_dense_seed11,50,321,dense,0,49,84,8.3176,True,synthetic,timing,,,,280,,11012,0.8,0.3,30,250
harmony_search,v50_dense_seed11,50,321,dense,0,49,68,7.7383,True,synthetic,timing,,,,280,,11013,0.8,0.3,30,250
harmony_search,v50_dense_seed11,50,321,dense,0,49,68,8.1474,True,synthetic,timing,,,,280,,11014,0.8,0.3,30,250
harmony_search,v50_dense_seed11,50,321,dense,0,49,65,6.729,True,synthetic,timing,,,,280,,11015,0.8,0.3,30,250
harmony_search,v50_dense_seed11,50,321,dense,0,49,84,7.0808,True,synthetic,timing,,,,280,,11016,0.8,0.3,30,250
harmony_search,v50_dense_seed11,50,321,dense,0,49,65,8.2499,True,synthetic,timing,,,,280,,11017,0.8,0.3,30,250
harmony_search,v50_dense_seed11,50,321,dense,0,49,65,6.0325,True,synthetic,timing,,,,280,,11018,0.8,0.3,30,250
harmony_search,v50_dense_seed11,50,321,dense,0,49,67,7.7434,True,synthetic,timing,,,,280,,11019,0.8,0.3,30,250
harmony_search,v50_dense_seed11,50,321,dense,0,49,65,6.3889,True,synthetic,timing,,,,280,,11020,0.8,0.3,30,250
harmony_search,v50_dense_seed11,50,321,dense,0,49,65,7.3267,True,synthetic,timing,,,,280,,11021,0.8,0.3,30,250
harmony_search,v50_dense_seed11,50,321,dense,0,49,65,7.3324,True,synthetic,timing,,,,280,,11022,0.8,0.3,30,250
harmony_search,v50_dense_seed11,50,321,dense,0,49,68,7.4565,True,synthetic,timing,,,,280,,11023,0.8,0.3,30,250
harmony_search,v50_dense_seed11,50,321,dense,0,49,68,7.0691,True,synthetic,timing,,,,280,,11024,0.8,0.3,30,250
harmony_search,v50_dense_seed11,50,321,dense,0,49,65,6.3278,True,synthetic,timing,,,,280,,11025,0.8,0.3,30,250
harmony_search,v50_dense_seed11,50,321,dense,0,49,68,6.459,True,synthetic,timing,,,,280,,11026,0.8,0.3,30,250
harmony_search,v50_dense_seed11,50,321,dense,0,49,65,8.139,True,synthetic,timing,,,,280,,11027,0.8,0.3,30,250
harmony_search,v50_dense_seed11,50,321,dense,0,49,65,8.3915,True,synthetic,timing,,,,280,,11028,0.8,0.3,30,250
harmony_search,v50_dense_seed11,50,321,dense,0,49,68,8.3008,True,synthetic,timing,,,,280,,11029,0.8,0.3,30,250
harmony_search,v50_dense_seed11,50,321,dense,0,49,68,20.5832,True,synthetic,memory,,,,280,31.711,11000,0.8,0.3,30,250
dijkstra,v50_dense_seed23,50,343,dense,0,49,14.0,0.035,True,synthetic,timing,19,260,,,,,,,,
dijkstra,v50_dense_seed23,50,343,dense,0,49,14.0,0.0278,True,synthetic,timing,19,260,,,,,,,,
dijkstra,v50_dense_seed23,50,343,dense,0,49,14.0,0.0267,True,synthetic,timing,19,260,,,,,,,,
dijkstra,v50_dense_seed23,50,343,dense,0,49,14.0,0.0277,True,synthetic,timing,19,260,,,,,,,,
dijkstra,v50_dense_seed23,50,343,dense,0,49,14.0,0.0262,True,synthetic,timing,19,260,,,,,,,,
dijkstra,v50_dense_seed23,50,343,dense,0,49,14.0,0.0559,True,synthetic,memory,19,260,,,6.047,,,,,
bellman_ford,v50_dense_seed23,50,343,dense,0,49,14.0,0.4676,True,synthetic,timing,,3430,185,,,,,,,
bellman_ford,v50_dense_seed23,50,343,dense,0,49,14.0,0.459,True,synthetic,timing,,3430,185,,,,,,,
bellman_ford,v50_dense_seed23,50,343,dense,0,49,14.0,0.4733,True,synthetic,timing,,3430,185,,,,,,,
bellman_ford,v50_dense_seed23,50,343,dense,0,49,14.0,0.4555,True,synthetic,timing,,3430,185,,,,,,,
bellman_ford,v50_dense_seed23,50,343,dense,0,49,14.0,0.4513,True,synthetic,timing,,3430,185,,,,,,,
bellman_ford,v50_dense_seed23,50,343,dense,0,49,14.0,2.6025,True,synthetic,memory,,3430,185,,44.867,,,,,
astar,v50_dense_seed23,50,343,dense,0,49,14.0,0.0339,True,synthetic,timing,19,260,,,,,,,,
astar,v50_dense_seed23,50,343,dense,0,49,14.0,0.0309,True,synthetic,timing,19,260,,,,,,,,
astar,v50_dense_seed23,50,343,dense,0,49,14.0,0.0294,True,synthetic,timing,19,260,,,,,,,,
astar,v50_dense_seed23,50,343,dense,0,49,14.0,0.0292,True,synthetic,timing,19,260,,,,,,,,
astar,v50_dense_seed23,50,343,dense,0,49,14.0,0.0288,True,synthetic,timing,19,260,,,,,,,,
astar,v50_dense_seed23,50,343,dense,0,49,14.0,0.1327,True,synthetic,memory,19,260,,,6.773,,,,,
harmony_search,v50_dense_seed23,50,343,dense,0,49,23,6.7887,True,synthetic,timing,,,,280,,23000,0.8,0.3,30,250
harmony_search,v50_dense_seed23,50,343,dense,0,49,14,5.848,True,synthetic,timing,,,,280,,23001,0.8,0.3,30,250
harmony_search,v50_dense_seed23,50,343,dense,0,49,14,7.0495,True,synthetic,timing,,,,280,,23002,0.8,0.3,30,250
harmony_search,v50_dense_seed23,50,343,dense,0,49,23,5.7969,True,synthetic,timing,,,,280,,23003,0.8,0.3,30,250
harmony_search,v50_dense_seed23,50,343,dense,0,49,23,6.7295,True,synthetic,timing,,,,280,,23004,0.8,0.3,30,250
harmony_search,v50_dense_seed23,50,343,dense,0,49,23,6.6455,True,synthetic,timing,,,,280,,23005,0.8,0.3,30,250
harmony_search,v50_dense_seed23,50,343,dense,0,49,14,6.9076,True,synthetic,timing,,,,280,,23006,0.8,0.3,30,250
harmony_search,v50_dense_seed23,50,343,dense,0,49,23,7.0413,True,synthetic,timing,,,,280,,23007,0.8,0.3,30,250
harmony_search,v50_dense_seed23,50,343,dense,0,49,14,7.3372,True,synthetic,timing,,,,280,,23008,0.8,0.3,30,250
harmony_search,v50_dense_seed23,50,343,dense,0,49,14,7.0646,True,synthetic,timing,,,,280,,23009,0.8,0.3,30,250
harmony_search,v50_dense_seed23,50,343,dense,0,49,23,7.1575,True,synthetic,timing,,,,280,,23010,0.8,0.3,30,250
harmony_search,v50_dense_seed23,50,343,dense,0,49,14,7.3505,True,synthetic,timing,,,,280,,23011,0.8,0.3,30,250
harmony_search,v50_dense_seed23,50,343,dense,0,49,23,7.3394,True,synthetic,timing,,,,280,,23012,0.8,0.3,30,250
harmony_search,v50_dense_seed23,50,343,dense,0,49,14,6.5522,True,synthetic,timing,,,,280,,23013,0.8,0.3,30,250
harmony_search,v50_dense_seed23,50,343,dense,0,49,23,5.8032,True,synthetic,timing,,,,280,,23014,0.8,0.3,30,250
harmony_search,v50_dense_seed23,50,343,dense,0,49,23,7.345,True,synthetic,timing,,,,280,,23015,0.8,0.3,30,250
harmony_search,v50_dense_seed23,50,343,dense,0,49,36,7.5535,True,synthetic,timing,,,,280,,23016,0.8,0.3,30,250
harmony_search,v50_dense_seed23,50,343,dense,0,49,14,6.7031,True,synthetic,timing,,,,280,,23017,0.8,0.3,30,250
harmony_search,v50_dense_seed23,50,343,dense,0,49,23,6.3666,True,synthetic,timing,,,,280,,23018,0.8,0.3,30,250
harmony_search,v50_dense_seed23,50,343,dense,0,49,14,6.771,True,synthetic,timing,,,,280,,23019,0.8,0.3,30,250
harmony_search,v50_dense_seed23,50,343,dense,0,49,23,6.541,True,synthetic,timing,,,,280,,23020,0.8,0.3,30,250
harmony_search,v50_dense_seed23,50,343,dense,0,49,14,6.3933,True,synthetic,timing,,,,280,,23021,0.8,0.3,30,250
harmony_search,v50_dense_seed23,50,343,dense,0,49,14,6.2216,True,synthetic,timing,,,,280,,23022,0.8,0.3,30,250
harmony_search,v50_dense_seed23,50,343,dense,0,49,23,6.8712,True,synthetic,timing,,,,280,,23023,0.8,0.3,30,250
harmony_search,v50_dense_seed23,50,343,dense,0,49,23,5.7498,True,synthetic,timing,,,,280,,23024,0.8,0.3,30,250
harmony_search,v50_dense_seed23,50,343,dense,0,49,14,7.292,True,synthetic,timing,,,,280,,23025,0.8,0.3,30,250
harmony_search,v50_dense_seed23,50,343,dense,0,49,14,5.9565,True,synthetic,timing,,,,280,,23026,0.8,0.3,30,250
harmony_search,v50_dense_seed23,50,343,dense,0,49,23,6.3748,True,synthetic,timing,,,,280,,23027,0.8,0.3,30,250
harmony_search,v50_dense_seed23,50,343,dense,0,49,14,6.8902,True,synthetic,timing,,,,280,,23028,0.8,0.3,30,250
harmony_search,v50_dense_seed23,50,343,dense,0,49,14,6.216,True,synthetic,timing,,,,280,,23029,0.8,0.3,30,250
harmony_search,v50_dense_seed23,50,343,dense,0,49,23,20.4933,True,synthetic,memory,,,,280,29.586,23000,0.8,0.3,30,250
dijkstra,v50_dense_seed37,50,352,dense,0,49,29.0,0.0429,True,synthetic,timing,23,315,,,,,,,,
dijkstra,v50_dense_seed37,50,352,dense,0,49,29.0,0.0342,True,synthetic,timing,23,315,,,,,,,,
dijkstra,v50_dense_seed37,50,352,dense,0,49,29.0,0.0536,True,synthetic,timing,23,315,,,,,,,,
dijkstra,v50_dense_seed37,50,352,dense,0,49,29.0,0.035,True,synthetic,timing,23,315,,,,,,,,
dijkstra,v50_dense_seed37,50,352,dense,0,49,29.0,0.0487,True,synthetic,timing,23,315,,,,,,,,
dijkstra,v50_dense_seed37,50,352,dense,0,49,29.0,0.0715,True,synthetic,memory,23,315,,,6.031,,,,,
bellman_ford,v50_dense_seed37,50,352,dense,0,49,29.0,0.5096,True,synthetic,timing,,3520,180,,,,,,,
bellman_ford,v50_dense_seed37,50,352,dense,0,49,29.0,0.5077,True,synthetic,timing,,3520,180,,,,,,,
bellman_ford,v50_dense_seed37,50,352,dense,0,49,29.0,0.5944,True,synthetic,timing,,3520,180,,,,,,,
bellman_ford,v50_dense_seed37,50,352,dense,0,49,29.0,0.4765,True,synthetic,timing,,3520,180,,,,,,,
bellman_ford,v50_dense_seed37,50,352,dense,0,49,29.0,0.4621,True,synthetic,timing,,3520,180,,,,,,,
bellman_ford,v50_dense_seed37,50,352,dense,0,49,29.0,2.6487,True,synthetic,memory,,3520,180,,44.867,,,,,
astar,v50_dense_seed37,50,352,dense,0,49,29.0,0.0548,True,synthetic,timing,23,315,,,,,,,,
astar,v50_dense_seed37,50,352,dense,0,49,29.0,0.1207,True,synthetic,timing,23,315,,,,,,,,
astar,v50_dense_seed37,50,352,dense,0,49,29.0,0.0752,True,synthetic,timing,23,315,,,,,,,,
astar,v50_dense_seed37,50,352,dense,0,49,29.0,0.0392,True,synthetic,timing,23,315,,,,,,,,
astar,v50_dense_seed37,50,352,dense,0,49,29.0,0.0366,True,synthetic,timing,23,315,,,,,,,,
astar,v50_dense_seed37,50,352,dense,0,49,29.0,0.1686,True,synthetic,memory,23,315,,,7.383,,,,,
harmony_search,v50_dense_seed37,50,352,dense,0,49,29,7.6994,True,synthetic,timing,,,,280,,37000,0.8,0.3,30,250
harmony_search,v50_dense_seed37,50,352,dense,0,49,29,8.1291,True,synthetic,timing,,,,280,,37001,0.8,0.3,30,250
harmony_search,v50_dense_seed37,50,352,dense,0,49,46,8.3649,True,synthetic,timing,,,,280,,37002,0.8,0.3,30,250
harmony_search,v50_dense_seed37,50,352,dense,0,49,29,6.8011,True,synthetic,timing,,,,280,,37003,0.8,0.3,30,250
harmony_search,v50_dense_seed37,50,352,dense,0,49,29,8.1852,True,synthetic,timing,,,,280,,37004,0.8,0.3,30,250
harmony_search,v50_dense_seed37,50,352,dense,0,49,29,6.8499,True,synthetic,timing,,,,280,,37005,0.8,0.3,30,250
harmony_search,v50_dense_seed37,50,352,dense,0,49,29,7.2083,True,synthetic,timing,,,,280,,37006,0.8,0.3,30,250
harmony_search,v50_dense_seed37,50,352,dense,0,49,29,8.325,True,synthetic,timing,,,,280,,37007,0.8,0.3,30,250
harmony_search,v50_dense_seed37,50,352,dense,0,49,29,7.8602,True,synthetic,timing,,,,280,,37008,0.8,0.3,30,250
harmony_search,v50_dense_seed37,50,352,dense,0,49,29,7.9309,True,synthetic,timing,,,,280,,37009,0.8,0.3,30,250
harmony_search,v50_dense_seed37,50,352,dense,0,49,29,8.9031,True,synthetic,timing,,,,280,,37010,0.8,0.3,30,250
harmony_search,v50_dense_seed37,50,352,dense,0,49,29,8.7666,True,synthetic,timing,,,,280,,37011,0.8,0.3,30,250
harmony_search,v50_dense_seed37,50,352,dense,0,49,29,8.0369,True,synthetic,timing,,,,280,,37012,0.8,0.3,30,250
harmony_search,v50_dense_seed37,50,352,dense,0,49,29,6.989,True,synthetic,timing,,,,280,,37013,0.8,0.3,30,250
harmony_search,v50_dense_seed37,50,352,dense,0,49,40,7.1752,True,synthetic,timing,,,,280,,37014,0.8,0.3,30,250
harmony_search,v50_dense_seed37,50,352,dense,0,49,29,8.2484,True,synthetic,timing,,,,280,,37015,0.8,0.3,30,250
harmony_search,v50_dense_seed37,50,352,dense,0,49,29,8.3121,True,synthetic,timing,,,,280,,37016,0.8,0.3,30,250
harmony_search,v50_dense_seed37,50,352,dense,0,49,29,7.7265,True,synthetic,timing,,,,280,,37017,0.8,0.3,30,250
harmony_search,v50_dense_seed37,50,352,dense,0,49,46,7.6656,True,synthetic,timing,,,,280,,37018,0.8,0.3,30,250
harmony_search,v50_dense_seed37,50,352,dense,0,49,29,7.6428,True,synthetic,timing,,,,280,,37019,0.8,0.3,30,250
harmony_search,v50_dense_seed37,50,352,dense,0,49,29,8.3036,True,synthetic,timing,,,,280,,37020,0.8,0.3,30,250
harmony_search,v50_dense_seed37,50,352,dense,0,49,29,7.6234,True,synthetic,timing,,,,280,,37021,0.8,0.3,30,250
harmony_search,v50_dense_seed37,50,352,dense,0,49,40,7.9567,True,synthetic,timing,,,,280,,37022,0.8,0.3,30,250
harmony_search,v50_dense_seed37,50,352,dense,0,49,29,8.4443,True,synthetic,timing,,,,280,,37023,0.8,0.3,30,250
harmony_search,v50_dense_seed37,50,352,dense,0,49,29,9.4056,True,synthetic,timing,,,,280,,37024,0.8,0.3,30,250
harmony_search,v50_dense_seed37,50,352,dense,0,49,29,7.563,True,synthetic,timing,,,,280,,37025,0.8,0.3,30,250
harmony_search,v50_dense_seed37,50,352,dense,0,49,29,6.7962,True,synthetic,timing,,,,280,,37026,0.8,0.3,30,250
harmony_search,v50_dense_seed37,50,352,dense,0,49,29,7.1872,True,synthetic,timing,,,,280,,37027,0.8,0.3,30,250
harmony_search,v50_dense_seed37,50,352,dense,0,49,29,7.7884,True,synthetic,timing,,,,280,,37028,0.8,0.3,30,250
harmony_search,v50_dense_seed37,50,352,dense,0,49,29,7.9692,True,synthetic,timing,,,,280,,37029,0.8,0.3,30,250
harmony_search,v50_dense_seed37,50,352,dense,0,49,29,22.8563,True,synthetic,memory,,,,280,32.969,37000,0.8,0.3,30,250
dijkstra,v250_sparse_seed11,250,1427,sparse,0,249,46.0,0.1118,True,synthetic,timing,48,588,,,,,,,,
dijkstra,v250_sparse_seed11,250,1427,sparse,0,249,46.0,0.0858,True,synthetic,timing,48,588,,,,,,,,
dijkstra,v250_sparse_seed11,250,1427,sparse,0,249,46.0,0.0835,True,synthetic,timing,48,588,,,,,,,,
dijkstra,v250_sparse_seed11,250,1427,sparse,0,249,46.0,0.083,True,synthetic,timing,48,588,,,,,,,,
dijkstra,v250_sparse_seed11,250,1427,sparse,0,249,46.0,0.0818,True,synthetic,timing,48,588,,,,,,,,
dijkstra,v250_sparse_seed11,250,1427,sparse,0,249,46.0,0.3427,True,synthetic,memory,48,588,,,26.797,,,,,
bellman_ford,v250_sparse_seed11,250,1427,sparse,0,249,46.0,2.2645,True,synthetic,timing,,17124,993,,,,,,,
bellman_ford,v250_sparse_seed11,250,1427,sparse,0,249,46.0,2.1532,True,synthetic,timing,,17124,993,,,,,,,
bellman_ford,v250_sparse_seed11,250,1427,sparse,0,249,46.0,2.1444,True,synthetic,timing,,17124,993,,,,,,,
bellman_ford,v250_sparse_seed11,250,1427,sparse,0,249,46.0,2.1974,True,synthetic,timing,,17124,993,,,,,,,
bellman_ford,v250_sparse_seed11,250,1427,sparse,0,249,46.0,2.1743,True,synthetic,timing,,17124,993,,,,,,,
bellman_ford,v250_sparse_seed11,250,1427,sparse,0,249,46.0,14.4745,True,synthetic,memory,,17124,993,,179.055,,,,,
astar,v250_sparse_seed11,250,1427,sparse,0,249,46.0,0.1073,True,synthetic,timing,48,588,,,,,,,,
astar,v250_sparse_seed11,250,1427,sparse,0,249,46.0,0.094,True,synthetic,timing,48,588,,,,,,,,
astar,v250_sparse_seed11,250,1427,sparse,0,249,46.0,0.0932,True,synthetic,timing,48,588,,,,,,,,
astar,v250_sparse_seed11,250,1427,sparse,0,249,46.0,0.0904,True,synthetic,timing,48,588,,,,,,,,
astar,v250_sparse_seed11,250,1427,sparse,0,249,46.0,0.0899,True,synthetic,timing,48,588,,,,,,,,
astar,v250_sparse_seed11,250,1427,sparse,0,249,46.0,0.5421,True,synthetic,memory,48,588,,,32.438,,,,,
harmony_search,v250_sparse_seed11,250,1427,sparse,0,249,88,22.3408,True,synthetic,timing,,,,280,,11000,0.8,0.3,30,250
harmony_search,v250_sparse_seed11,250,1427,sparse,0,249,138,26.9622,True,synthetic,timing,,,,280,,11001,0.8,0.3,30,250
harmony_search,v250_sparse_seed11,250,1427,sparse,0,249,156,34.4605,True,synthetic,timing,,,,280,,11002,0.8,0.3,30,250
harmony_search,v250_sparse_seed11,250,1427,sparse,0,249,68,27.4422,True,synthetic,timing,,,,280,,11003,0.8,0.3,30,250
harmony_search,v250_sparse_seed11,250,1427,sparse,0,249,158,23.7688,True,synthetic,timing,,,,280,,11004,0.8,0.3,30,250
harmony_search,v250_sparse_seed11,250,1427,sparse,0,249,116,29.2023,True,synthetic,timing,,,,280,,11005,0.8,0.3,30,250
harmony_search,v250_sparse_seed11,250,1427,sparse,0,249,91,31.3938,True,synthetic,timing,,,,280,,11006,0.8,0.3,30,250
harmony_search,v250_sparse_seed11,250,1427,sparse,0,249,88,30.4956,True,synthetic,timing,,,,280,,11007,0.8,0.3,30,250
harmony_search,v250_sparse_seed11,250,1427,sparse,0,249,68,24.859,True,synthetic,timing,,,,280,,11008,0.8,0.3,30,250
harmony_search,v250_sparse_seed11,250,1427,sparse,0,249,116,29.005,True,synthetic,timing,,,,280,,11009,0.8,0.3,30,250
harmony_search,v250_sparse_seed11,250,1427,sparse,0,249,88,23.8499,True,synthetic,timing,,,,280,,11010,0.8,0.3,30,250
harmony_search,v250_sparse_seed11,250,1427,sparse,0,249,127,29.9319,True,synthetic,timing,,,,280,,11011,0.8,0.3,30,250
harmony_search,v250_sparse_seed11,250,1427,sparse,0,249,88,25.238,True,synthetic,timing,,,,280,,11012,0.8,0.3,30,250
harmony_search,v250_sparse_seed11,250,1427,sparse,0,249,100,28.3536,True,synthetic,timing,,,,280,,11013,0.8,0.3,30,250
harmony_search,v250_sparse_seed11,250,1427,sparse,0,249,124,25.7044,True,synthetic,timing,,,,280,,11014,0.8,0.3,30,250
harmony_search,v250_sparse_seed11,250,1427,sparse,0,249,46,33.1504,True,synthetic,timing,,,,280,,11015,0.8,0.3,30,250
harmony_search,v250_sparse_seed11,250,1427,sparse,0,249,138,23.2017,True,synthetic,timing,,,,280,,11016,0.8,0.3,30,250
harmony_search,v250_sparse_seed11,250,1427,sparse,0,249,46,26.4633,True,synthetic,timing,,,,280,,11017,0.8,0.3,30,250
harmony_search,v250_sparse_seed11,250,1427,sparse,0,249,116,29.8553,True,synthetic,timing,,,,280,,11018,0.8,0.3,30,250
harmony_search,v250_sparse_seed11,250,1427,sparse,0,249,116,30.3332,True,synthetic,timing,,,,280,,11019,0.8,0.3,30,250
harmony_search,v250_sparse_seed11,250,1427,sparse,0,249,90,28.5555,True,synthetic,timing,,,,280,,11020,0.8,0.3,30,250
harmony_search,v250_sparse_seed11,250,1427,sparse,0,249,68,29.9551,True,synthetic,timing,,,,280,,11021,0.8,0.3,30,250
harmony_search,v250_sparse_seed11,250,1427,sparse,0,249,68,29.4197,True,synthetic,timing,,,,280,,11022,0.8,0.3,30,250
harmony_search,v250_sparse_seed11,250,1427,sparse,0,249,169,26.4265,True,synthetic,timing,,,,280,,11023,0.8,0.3,30,250
harmony_search,v250_sparse_seed11,250,1427,sparse,0,249,153,28.5468,True,synthetic,timing,,,,280,,11024,0.8,0.3,30,250
harmony_search,v250_sparse_seed11,250,1427,sparse,0,249,68,23.6779,True,synthetic,timing,,,,280,,11025,0.8,0.3,30,250
harmony_search,v250_sparse_seed11,250,1427,sparse,0,249,124,25.9012,True,synthetic,timing,,,,280,,11026,0.8,0.3,30,250
harmony_search,v250_sparse_seed11,250,1427,sparse,0,249,133,25.6806,True,synthetic,timing,,,,280,,11027,0.8,0.3,30,250
harmony_search,v250_sparse_seed11,250,1427,sparse,0,249,68,28.4876,True,synthetic,timing,,,,280,,11028,0.8,0.3,30,250
harmony_search,v250_sparse_seed11,250,1427,sparse,0,249,90,27.6266,True,synthetic,timing,,,,280,,11029,0.8,0.3,30,250
harmony_search,v250_sparse_seed11,250,1427,sparse,0,249,88,63.6791,True,synthetic,memory,,,,280,121.648,11000,0.8,0.3,30,250
dijkstra,v250_sparse_seed23,250,1505,sparse,0,249,56.0,0.1476,True,synthetic,timing,76,1024,,,,,,,,
dijkstra,v250_sparse_seed23,250,1505,sparse,0,249,56.0,0.127,True,synthetic,timing,76,1024,,,,,,,,
dijkstra,v250_sparse_seed23,250,1505,sparse,0,249,56.0,0.1231,True,synthetic,timing,76,1024,,,,,,,,
dijkstra,v250_sparse_seed23,250,1505,sparse,0,249,56.0,0.1235,True,synthetic,timing,76,1024,,,,,,,,
dijkstra,v250_sparse_seed23,250,1505,sparse,0,249,56.0,0.1223,True,synthetic,timing,76,1024,,,,,,,,
dijkstra,v250_sparse_seed23,250,1505,sparse,0,249,56.0,0.5538,True,synthetic,memory,76,1024,,,28.586,,,,,
bellman_ford,v250_sparse_seed23,250,1505,sparse,0,249,56.0,2.2255,True,synthetic,timing,,15050,1011,,,,,,,
bellman_ford,v250_sparse_seed23,250,1505,sparse,0,249,56.0,2.1077,True,synthetic,timing,,15050,1011,,,,,,,
bellman_ford,v250_sparse_seed23,250,1505,sparse,0,249,56.0,2.0265,True,synthetic,timing,,15050,1011,,,,,,,
bellman_ford,v250_sparse_seed23,250,1505,sparse,0,249,56.0,1.9963,True,synthetic,timing,,15050,1011,,,,,,,
bellman_ford,v250_sparse_seed23,250,1505,sparse,0,249,56.0,2.0119,True,synthetic,timing,,15050,1011,,,,,,,
bellman_ford,v250_sparse_seed23,250,1505,sparse,0,249,56.0,15.4897,True,synthetic,memory,,15050,1011,,179.055,,,,,
astar,v250_sparse_seed23,250,1505,sparse,0,249,56.0,0.1501,True,synthetic,timing,76,1024,,,,,,,,
astar,v250_sparse_seed23,250,1505,sparse,0,249,56.0,0.1358,True,synthetic,timing,76,1024,,,,,,,,
astar,v250_sparse_seed23,250,1505,sparse,0,249,56.0,0.1361,True,synthetic,timing,76,1024,,,,,,,,
astar,v250_sparse_seed23,250,1505,sparse,0,249,56.0,0.1371,True,synthetic,timing,76,1024,,,,,,,,
astar,v250_sparse_seed23,250,1505,sparse,0,249,56.0,0.1374,True,synthetic,timing,76,1024,,,,,,,,
astar,v250_sparse_seed23,250,1505,sparse,0,249,56.0,0.8313,True,synthetic,memory,76,1024,,,36.859,,,,,
harmony_search,v250_sparse_seed23,250,1505,sparse,0,249,74,28.557,True,synthetic,timing,,,,280,,23000,0.8,0.3,30,250
harmony_search,v250_sparse_seed23,250,1505,sparse,0,249,65,25.7311,True,synthetic,timing,,,,280,,23001,0.8,0.3,30,250
harmony_search,v250_sparse_seed23,250,1505,sparse,0,249,82,29.7995,True,synthetic,timing,,,,280,,23002,0.8,0.3,30,250
harmony_search,v250_sparse_seed23,250,1505,sparse,0,249,65,30.2688,True,synthetic,timing,,,,280,,23003,0.8,0.3,30,250
harmony_search,v250_sparse_seed23,250,1505,sparse,0,249,74,31.6689,True,synthetic,timing,,,,280,,23004,0.8,0.3,30,250
harmony_search,v250_sparse_seed23,250,1505,sparse,0,249,67,27.122,True,synthetic,timing,,,,280,,23005,0.8,0.3,30,250
harmony_search,v250_sparse_seed23,250,1505,sparse,0,249,65,24.3809,True,synthetic,timing,,,,280,,23006,0.8,0.3,30,250
harmony_search,v250_sparse_seed23,250,1505,sparse,0,249,67,25.0677,True,synthetic,timing,,,,280,,23007,0.8,0.3,30,250
harmony_search,v250_sparse_seed23,250,1505,sparse,0,249,65,23.6643,True,synthetic,timing,,,,280,,23008,0.8,0.3,30,250
harmony_search,v250_sparse_seed23,250,1505,sparse,0,249,74,32.5142,True,synthetic,timing,,,,280,,23009,0.8,0.3,30,250
harmony_search,v250_sparse_seed23,250,1505,sparse,0,249,74,27.5372,True,synthetic,timing,,,,280,,23010,0.8,0.3,30,250
harmony_search,v250_sparse_seed23,250,1505,sparse,0,249,65,27.293,True,synthetic,timing,,,,280,,23011,0.8,0.3,30,250
harmony_search,v250_sparse_seed23,250,1505,sparse,0,249,126,26.6573,True,synthetic,timing,,,,280,,23012,0.8,0.3,30,250
harmony_search,v250_sparse_seed23,250,1505,sparse,0,249,99,31.3474,True,synthetic,timing,,,,280,,23013,0.8,0.3,30,250
harmony_search,v250_sparse_seed23,250,1505,sparse,0,249,87,29.141,True,synthetic,timing,,,,280,,23014,0.8,0.3,30,250
harmony_search,v250_sparse_seed23,250,1505,sparse,0,249,74,26.2578,True,synthetic,timing,,,,280,,23015,0.8,0.3,30,250
harmony_search,v250_sparse_seed23,250,1505,sparse,0,249,65,29.9776,True,synthetic,timing,,,,280,,23016,0.8,0.3,30,250
harmony_search,v250_sparse_seed23,250,1505,sparse,0,249,82,33.5973,True,synthetic,timing,,,,280,,23017,0.8,0.3,30,250
harmony_search,v250_sparse_seed23,250,1505,sparse,0,249,74,22.9613,True,synthetic,timing,,,,280,,23018,0.8,0.3,30,250
harmony_search,v250_sparse_seed23,250,1505,sparse,0,249,110,36.4014,True,synthetic,timing,,,,280,,23019,0.8,0.3,30,250
harmony_search,v250_sparse_seed23,250,1505,sparse,0,249,74,28.1837,True,synthetic,timing,,,,280,,23020,0.8,0.3,30,250
harmony_search,v250_sparse_seed23,250,1505,sparse,0,249,74,27.9955,True,synthetic,timing,,,,280,,23021,0.8,0.3,30,250
harmony_search,v250_sparse_seed23,250,1505,sparse,0,249,67,32.3099,True,synthetic,timing,,,,280,,23022,0.8,0.3,30,250
harmony_search,v250_sparse_seed23,250,1505,sparse,0,249,87,31.0785,True,synthetic,timing,,,,280,,23023,0.8,0.3,30,250
harmony_search,v250_sparse_seed23,250,1505,sparse,0,249,74,29.6939,True,synthetic,timing,,,,280,,23024,0.8,0.3,30,250
harmony_search,v250_sparse_seed23,250,1505,sparse,0,249,74,30.9461,True,synthetic,timing,,,,280,,23025,0.8,0.3,30,250
harmony_search,v250_sparse_seed23,250,1505,sparse,0,249,65,30.7704,True,synthetic,timing,,,,280,,23026,0.8,0.3,30,250
harmony_search,v250_sparse_seed23,250,1505,sparse,0,249,82,27.9269,True,synthetic,timing,,,,280,,23027,0.8,0.3,30,250
harmony_search,v250_sparse_seed23,250,1505,sparse,0,249,65,30.377,True,synthetic,timing,,,,280,,23028,0.8,0.3,30,250
harmony_search,v250_sparse_seed23,250,1505,sparse,0,249,67,36.5875,True,synthetic,timing,,,,280,,23029,0.8,0.3,30,250
harmony_search,v250_sparse_seed23,250,1505,sparse,0,249,74,85.0852,True,synthetic,memory,,,,280,134.969,23000,0.8,0.3,30,250
dijkstra,v250_sparse_seed37,250,1461,sparse,0,249,40.0,0.1093,True,synthetic,timing,51,658,,,,,,,,
dijkstra,v250_sparse_seed37,250,1461,sparse,0,249,40.0,0.0949,True,synthetic,timing,51,658,,,,,,,,
dijkstra,v250_sparse_seed37,250,1461,sparse,0,249,40.0,0.1146,True,synthetic,timing,51,658,,,,,,,,
dijkstra,v250_sparse_seed37,250,1461,sparse,0,249,40.0,0.0976,True,synthetic,timing,51,658,,,,,,,,
dijkstra,v250_sparse_seed37,250,1461,sparse,0,249,40.0,0.0932,True,synthetic,timing,51,658,,,,,,,,
dijkstra,v250_sparse_seed37,250,1461,sparse,0,249,40.0,0.437,True,synthetic,memory,51,658,,,26.969,,,,,
bellman_ford,v250_sparse_seed37,250,1461,sparse,0,249,40.0,2.565,True,synthetic,timing,,20454,1051,,,,,,,
bellman_ford,v250_sparse_seed37,250,1461,sparse,0,249,40.0,2.4742,True,synthetic,timing,,20454,1051,,,,,,,
bellman_ford,v250_sparse_seed37,250,1461,sparse,0,249,40.0,2.5395,True,synthetic,timing,,20454,1051,,,,,,,
bellman_ford,v250_sparse_seed37,250,1461,sparse,0,249,40.0,2.4495,True,synthetic,timing,,20454,1051,,,,,,,
bellman_ford,v250_sparse_seed37,250,1461,sparse,0,249,40.0,2.4311,True,synthetic,timing,,20454,1051,,,,,,,
bellman_ford,v250_sparse_seed37,250,1461,sparse,0,249,40.0,16.7604,True,synthetic,memory,,20454,1051,,179.055,,,,,
astar,v250_sparse_seed37,250,1461,sparse,0,249,40.0,0.1173,True,synthetic,timing,51,658,,,,,,,,
astar,v250_sparse_seed37,250,1461,sparse,0,249,40.0,0.1283,True,synthetic,timing,51,658,,,,,,,,
astar,v250_sparse_seed37,250,1461,sparse,0,249,40.0,0.0977,True,synthetic,timing,51,658,,,,,,,,
astar,v250_sparse_seed37,250,1461,sparse,0,249,40.0,0.0963,True,synthetic,timing,51,658,,,,,,,,
astar,v250_sparse_seed37,250,1461,sparse,0,249,40.0,0.0962,True,synthetic,timing,51,658,,,,,,,,
astar,v250_sparse_seed37,250,1461,sparse,0,249,40.0,0.5807,True,synthetic,memory,51,658,,,33.211,,,,,
harmony_search,v250_sparse_seed37,250,1461,sparse,0,249,77,16.1512,True,synthetic,timing,,,,280,,37000,0.8,0.3,30,250
harmony_search,v250_sparse_seed37,250,1461,sparse,0,249,91,19.8052,True,synthetic,timing,,,,280,,37001,0.8,0.3,30,250
harmony_search,v250_sparse_seed37,250,1461,sparse,0,249,106,17.166,True,synthetic,timing,,,,280,,37002,0.8,0.3,30,250
harmony_search,v250_sparse_seed37,250,1461,sparse,0,249,47,14.8331,True,synthetic,timing,,,,280,,37003,0.8,0.3,30,250
harmony_search,v250_sparse_seed37,250,1461,sparse,0,249,92,19.1545,True,synthetic,timing,,,,280,,37004,0.8,0.3,30,250
harmony_search,v250_sparse_seed37,250,1461,sparse,0,249,106,18.3505,True,synthetic,timing,,,,280,,37005,0.8,0.3,30,250
harmony_search,v250_sparse_seed37,250,1461,sparse,0,249,54,19.9021,True,synthetic,timing,,,,280,,37006,0.8,0.3,30,250
harmony_search,v250_sparse_seed37,250,1461,sparse,0,249,92,17.3341,True,synthetic,timing,,,,280,,37007,0.8,0.3,30,250
harmony_search,v250_sparse_seed37,250,1461,sparse,0,249,92,19.4326,True,synthetic,timing,,,,280,,37008,0.8,0.3,30,250
harmony_search,v250_sparse_seed37,250,1461,sparse,0,249,91,17.894,True,synthetic,timing,,,,280,,37009,0.8,0.3,30,250
harmony_search,v250_sparse_seed37,250,1461,sparse,0,249,54,17.3177,True,synthetic,timing,,,,280,,37010,0.8,0.3,30,250
harmony_search,v250_sparse_seed37,250,1461,sparse,0,249,47,16.8445,True,synthetic,timing,,,,280,,37011,0.8,0.3,30,250
harmony_search,v250_sparse_seed37,250,1461,sparse,0,249,75,17.871,True,synthetic,timing,,,,280,,37012,0.8,0.3,30,250
harmony_search,v250_sparse_seed37,250,1461,sparse,0,249,54,18.6397,True,synthetic,timing,,,,280,,37013,0.8,0.3,30,250
harmony_search,v250_sparse_seed37,250,1461,sparse,0,249,95,16.6961,True,synthetic,timing,,,,280,,37014,0.8,0.3,30,250
harmony_search,v250_sparse_seed37,250,1461,sparse,0,249,93,19.3245,True,synthetic,timing,,,,280,,37015,0.8,0.3,30,250
harmony_search,v250_sparse_seed37,250,1461,sparse,0,249,40,21.0153,True,synthetic,timing,,,,280,,37016,0.8,0.3,30,250
harmony_search,v250_sparse_seed37,250,1461,sparse,0,249,112,20.567,True,synthetic,timing,,,,280,,37017,0.8,0.3,30,250
harmony_search,v250_sparse_seed37,250,1461,sparse,0,249,68,15.7996,True,synthetic,timing,,,,280,,37018,0.8,0.3,30,250
harmony_search,v250_sparse_seed37,250,1461,sparse,0,249,68,23.4134,True,synthetic,timing,,,,280,,37019,0.8,0.3,30,250
harmony_search,v250_sparse_seed37,250,1461,sparse,0,249,106,22.7036,True,synthetic,timing,,,,280,,37020,0.8,0.3,30,250
harmony_search,v250_sparse_seed37,250,1461,sparse,0,249,77,15.6992,True,synthetic,timing,,,,280,,37021,0.8,0.3,30,250
harmony_search,v250_sparse_seed37,250,1461,sparse,0,249,69,17.8199,True,synthetic,timing,,,,280,,37022,0.8,0.3,30,250
harmony_search,v250_sparse_seed37,250,1461,sparse,0,249,92,19.8875,True,synthetic,timing,,,,280,,37023,0.8,0.3,30,250
harmony_search,v250_sparse_seed37,250,1461,sparse,0,249,93,18.4256,True,synthetic,timing,,,,280,,37024,0.8,0.3,30,250
harmony_search,v250_sparse_seed37,250,1461,sparse,0,249,40,16.1865,True,synthetic,timing,,,,280,,37025,0.8,0.3,30,250
harmony_search,v250_sparse_seed37,250,1461,sparse,0,249,79,19.4615,True,synthetic,timing,,,,280,,37026,0.8,0.3,30,250
harmony_search,v250_sparse_seed37,250,1461,sparse,0,249,40,16.9285,True,synthetic,timing,,,,280,,37027,0.8,0.3,30,250
harmony_search,v250_sparse_seed37,250,1461,sparse,0,249,112,16.3836,True,synthetic,timing,,,,280,,37028,0.8,0.3,30,250
harmony_search,v250_sparse_seed37,250,1461,sparse,0,249,79,20.1023,True,synthetic,timing,,,,280,,37029,0.8,0.3,30,250
harmony_search,v250_sparse_seed37,250,1461,sparse,0,249,77,48.6063,True,synthetic,memory,,,,280,115.945,37000,0.8,0.3,30,250
dijkstra,v250_moderate_seed11,250,3897,moderate,0,249,25.0,0.3778,True,synthetic,timing,154,4814,,,,,,,,
dijkstra,v250_moderate_seed11,250,3897,moderate,0,249,25.0,0.3535,True,synthetic,timing,154,4814,,,,,,,,
dijkstra,v250_moderate_seed11,250,3897,moderate,0,249,25.0,0.3436,True,synthetic,timing,154,4814,,,,,,,,
dijkstra,v250_moderate_seed11,250,3897,moderate,0,249,25.0,0.3423,True,synthetic,timing,154,4814,,,,,,,,
dijkstra,v250_moderate_seed11,250,3897,moderate,0,249,25.0,0.3417,True,synthetic,timing,154,4814,,,,,,,,
dijkstra,v250_moderate_seed11,250,3897,moderate,0,249,25.0,1.8058,True,synthetic,memory,154,4814,,,36.57,,,,,
bellman_ford,v250_moderate_seed11,250,3897,moderate,0,249,25.0,5.8487,True,synthetic,timing,,46764,1313,,,,,,,
bellman_ford,v250_moderate_seed11,250,3897,moderate,0,249,25.0,5.6607,True,synthetic,timing,,46764,1313,,,,,,,
bellman_ford,v250_moderate_seed11,250,3897,moderate,0,249,25.0,5.871,True,synthetic,timing,,46764,1313,,,,,,,
bellman_ford,v250_moderate_seed11,250,3897,moderate,0,249,25.0,5.853,True,synthetic,timing,,46764,1313,,,,,,,
bellman_ford,v250_moderate_seed11,250,3897,moderate,0,249,25.0,5.7363,True,synthetic,timing,,46764,1313,,,,,,,
bellman_ford,v250_moderate_seed11,250,3897,moderate,0,249,25.0,55.8718,True,synthetic,memory,,46764,1313,,421.773,,,,,
astar,v250_moderate_seed11,250,3897,moderate,0,249,25.0,0.4339,True,synthetic,timing,154,4814,,,,,,,,
astar,v250_moderate_seed11,250,3897,moderate,0,249,25.0,0.3835,True,synthetic,timing,154,4814,,,,,,,,
astar,v250_moderate_seed11,250,3897,moderate,0,249,25.0,0.3707,True,synthetic,timing,154,4814,,,,,,,,
astar,v250_moderate_seed11,250,3897,moderate,0,249,25.0,0.3679,True,synthetic,timing,154,4814,,,,,,,,
astar,v250_moderate_seed11,250,3897,moderate,0,249,25.0,0.3679,True,synthetic,timing,154,4814,,,,,,,,
astar,v250_moderate_seed11,250,3897,moderate,0,249,25.0,2.3188,True,synthetic,memory,154,4814,,,49.117,,,,,
harmony_search,v250_moderate_seed11,250,3897,moderate,0,249,25,30.9853,True,synthetic,timing,,,,280,,11000,0.8,0.3,30,250
harmony_search,v250_moderate_seed11,250,3897,moderate,0,249,47,26.7247,True,synthetic,timing,,,,280,,11001,0.8,0.3,30,250
harmony_search,v250_moderate_seed11,250,3897,moderate,0,249,71,33.0852,True,synthetic,timing,,,,280,,11002,0.8,0.3,30,250
harmony_search,v250_moderate_seed11,250,3897,moderate,0,249,36,30.8589,True,synthetic,timing,,,,280,,11003,0.8,0.3,30,250
harmony_search,v250_moderate_seed11,250,3897,moderate,0,249,48,38.7738,True,synthetic,timing,,,,280,,11004,0.8,0.3,30,250
harmony_search,v250_moderate_seed11,250,3897,moderate,0,249,25,36.0718,True,synthetic,timing,,,,280,,11005,0.8,0.3,30,250
harmony_search,v250_moderate_seed11,250,3897,moderate,0,249,36,30.5604,True,synthetic,timing,,,,280,,11006,0.8,0.3,30,250
harmony_search,v250_moderate_seed11,250,3897,moderate,0,249,38,31.0516,True,synthetic,timing,,,,280,,11007,0.8,0.3,30,250
harmony_search,v250_moderate_seed11,250,3897,moderate,0,249,75,38.9255,True,synthetic,timing,,,,280,,11008,0.8,0.3,30,250
harmony_search,v250_moderate_seed11,250,3897,moderate,0,249,85,37.9872,True,synthetic,timing,,,,280,,11009,0.8,0.3,30,250
harmony_search,v250_moderate_seed11,250,3897,moderate,0,249,65,25.5354,True,synthetic,timing,,,,280,,11010,0.8,0.3,30,250
harmony_search,v250_moderate_seed11,250,3897,moderate,0,249,55,29.8453,True,synthetic,timing,,,,280,,11011,0.8,0.3,30,250
harmony_search,v250_moderate_seed11,250,3897,moderate,0,249,36,41.8276,True,synthetic,timing,,,,280,,11012,0.8,0.3,30,250
harmony_search,v250_moderate_seed11,250,3897,moderate,0,249,25,27.7279,True,synthetic,timing,,,,280,,11013,0.8,0.3,30,250
harmony_search,v250_moderate_seed11,250,3897,moderate,0,249,36,30.4632,True,synthetic,timing,,,,280,,11014,0.8,0.3,30,250
harmony_search,v250_moderate_seed11,250,3897,moderate,0,249,55,36.8636,True,synthetic,timing,,,,280,,11015,0.8,0.3,30,250
harmony_search,v250_moderate_seed11,250,3897,moderate,0,249,80,39.1578,True,synthetic,timing,,,,280,,11016,0.8,0.3,30,250
harmony_search,v250_moderate_seed11,250,3897,moderate,0,249,61,32.6365,True,synthetic,timing,,,,280,,11017,0.8,0.3,30,250
harmony_search,v250_moderate_seed11,250,3897,moderate,0,249,37,28.713,True,synthetic,timing,,,,280,,11018,0.8,0.3,30,250
harmony_search,v250_moderate_seed11,250,3897,moderate,0,249,58,33.0226,True,synthetic,timing,,,,280,,11019,0.8,0.3,30,250
harmony_search,v250_moderate_seed11,250,3897,moderate,0,249,48,32.7694,True,synthetic,timing,,,,280,,11020,0.8,0.3,30,250
harmony_search,v250_moderate_seed11,250,3897,moderate,0,249,66,33.7984,True,synthetic,timing,,,,280,,11021,0.8,0.3,30,250
harmony_search,v250_moderate_seed11,250,3897,moderate,0,249,79,29.5978,True,synthetic,timing,,,,280,,11022,0.8,0.3,30,250
harmony_search,v250_moderate_seed11,250,3897,moderate,0,249,25,32.7724,True,synthetic,timing,,,,280,,11023,0.8,0.3,30,250
harmony_search,v250_moderate_seed11,250,3897,moderate,0,249,37,35.6971,True,synthetic,timing,,,,280,,11024,0.8,0.3,30,250
harmony_search,v250_moderate_seed11,250,3897,moderate,0,249,36,35.6057,True,synthetic,timing,,,,280,,11025,0.8,0.3,30,250
harmony_search,v250_moderate_seed11,250,3897,moderate,0,249,40,26.9973,True,synthetic,timing,,,,280,,11026,0.8,0.3,30,250
harmony_search,v250_moderate_seed11,250,3897,moderate,0,249,48,35.2109,True,synthetic,timing,,,,280,,11027,0.8,0.3,30,250
harmony_search,v250_moderate_seed11,250,3897,moderate,0,249,62,28.8677,True,synthetic,timing,,,,280,,11028,0.8,0.3,30,250
harmony_search,v250_moderate_seed11,250,3897,moderate,0,249,61,26.679,True,synthetic,timing,,,,280,,11029,0.8,0.3,30,250
harmony_search,v250_moderate_seed11,250,3897,moderate,0,249,25,82.8456,True,synthetic,memory,,,,280,142.078,11000,0.8,0.3,30,250
dijkstra,v250_moderate_seed23,250,4089,moderate,0,249,20.0,0.4598,True,synthetic,timing,194,6377,,,,,,,,
dijkstra,v250_moderate_seed23,250,4089,moderate,0,249,20.0,0.4323,True,synthetic,timing,194,6377,,,,,,,,
dijkstra,v250_moderate_seed23,250,4089,moderate,0,249,20.0,0.43,True,synthetic,timing,194,6377,,,,,,,,
dijkstra,v250_moderate_seed23,250,4089,moderate,0,249,20.0,0.4267,True,synthetic,timing,194,6377,,,,,,,,
dijkstra,v250_moderate_seed23,250,4089,moderate,0,249,20.0,0.4268,True,synthetic,timing,194,6377,,,,,,,,
dijkstra,v250_moderate_seed23,250,4089,moderate,0,249,20.0,2.2805,True,synthetic,memory,194,6377,,,37.195,,,,,
bellman_ford,v250_moderate_seed23,250,4089,moderate,0,249,20.0,6.8504,True,synthetic,timing,,57246,1256,,,,,,,
bellman_ford,v250_moderate_seed23,250,4089,moderate,0,249,20.0,6.6808,True,synthetic,timing,,57246,1256,,,,,,,
bellman_ford,v250_moderate_seed23,250,4089,moderate,0,249,20.0,6.9101,True,synthetic,timing,,57246,1256,,,,,,,
bellman_ford,v250_moderate_seed23,250,4089,moderate,0,249,20.0,7.1539,True,synthetic,timing,,57246,1256,,,,,,,
bellman_ford,v250_moderate_seed23,250,4089,moderate,0,249,20.0,7.0248,True,synthetic,timing,,57246,1256,,,,,,,
bellman_ford,v250_moderate_seed23,250,4089,moderate,0,249,20.0,57.3853,True,synthetic,memory,,57246,1256,,447.273,,,,,
astar,v250_moderate_seed23,250,4089,moderate,0,249,20.0,0.5234,True,synthetic,timing,194,6377,,,,,,,,
astar,v250_moderate_seed23,250,4089,moderate,0,249,20.0,0.4572,True,synthetic,timing,194,6377,,,,,,,,
astar,v250_moderate_seed23,250,4089,moderate,0,249,20.0,0.5978,True,synthetic,timing,194,6377,,,,,,,,
astar,v250_moderate_seed23,250,4089,moderate,0,249,20.0,0.4651,True,synthetic,timing,194,6377,,,,,,,,
astar,v250_moderate_seed23,250,4089,moderate,0,249,20.0,0.4488,True,synthetic,timing,194,6377,,,,,,,,
astar,v250_moderate_seed23,250,4089,moderate,0,249,20.0,3.0912,True,synthetic,memory,194,6377,,,50.039,,,,,
harmony_search,v250_moderate_seed23,250,4089,moderate,0,249,20,45.5633,True,synthetic,timing,,,,280,,23000,0.8,0.3,30,250
harmony_search,v250_moderate_seed23,250,4089,moderate,0,249,20,41.6226,True,synthetic,timing,,,,280,,23001,0.8,0.3,30,250
harmony_search,v250_moderate_seed23,250,4089,moderate,0,249,20,30.4024,True,synthetic,timing,,,,280,,23002,0.8,0.3,30,250
harmony_search,v250_moderate_seed23,250,4089,moderate,0,249,20,35.5798,True,synthetic,timing,,,,280,,23003,0.8,0.3,30,250
harmony_search,v250_moderate_seed23,250,4089,moderate,0,249,20,30.3285,True,synthetic,timing,,,,280,,23004,0.8,0.3,30,250
harmony_search,v250_moderate_seed23,250,4089,moderate,0,249,20,40.0477,True,synthetic,timing,,,,280,,23005,0.8,0.3,30,250
harmony_search,v250_moderate_seed23,250,4089,moderate,0,249,20,29.6225,True,synthetic,timing,,,,280,,23006,0.8,0.3,30,250
harmony_search,v250_moderate_seed23,250,4089,moderate,0,249,20,42.93,True,synthetic,timing,,,,280,,23007,0.8,0.3,30,250
harmony_search,v250_moderate_seed23,250,4089,moderate,0,249,20,34.8349,True,synthetic,timing,,,,280,,23008,0.8,0.3,30,250
harmony_search,v250_moderate_seed23,250,4089,moderate,0,249,20,32.9072,True,synthetic,timing,,,,280,,23009,0.8,0.3,30,250
harmony_search,v250_moderate_seed23,250,4089,moderate,0,249,20,34.5092,True,synthetic,timing,,,,280,,23010,0.8,0.3,30,250
harmony_search,v250_moderate_seed23,250,4089,moderate,0,249,20,44.1891,True,synthetic,timing,,,,280,,23011,0.8,0.3,30,250
harmony_search,v250_moderate_seed23,250,4089,moderate,0,249,46,35.181,True,synthetic,timing,,,,280,,23012,0.8,0.3,30,250
harmony_search,v250_moderate_seed23,250,4089,moderate,0,249,20,32.1738,True,synthetic,timing,,,,280,,23013,0.8,0.3,30,250
harmony_search,v250_moderate_seed23,250,4089,moderate,0,249,20,31.5452,True,synthetic,timing,,,,280,,23014,0.8,0.3,30,250
harmony_search,v250_moderate_seed23,250,4089,moderate,0,249,20,51.0584,True,synthetic,timing,,,,280,,23015,0.8,0.3,30,250
harmony_search,v250_moderate_seed23,250,4089,moderate,0,249,20,34.5659,True,synthetic,timing,,,,280,,23016,0.8,0.3,30,250
harmony_search,v250_moderate_seed23,250,4089,moderate,0,249,20,34.6892,True,synthetic,timing,,,,280,,23017,0.8,0.3,30,250
harmony_search,v250_moderate_seed23,250,4089,moderate,0,249,20,40.1674,True,synthetic,timing,,,,280,,23018,0.8,0.3,30,250
harmony_search,v250_moderate_seed23,250,4089,moderate,0,249,20,36.1345,True,synthetic,timing,,,,280,,23019,0.8,0.3,30,250
harmony_search,v250_moderate_seed23,250,4089,moderate,0,249,20,37.1579,True,synthetic,timing,,,,280,,23020,0.8,0.3,30,250
harmony_search,v250_moderate_seed23,250,4089,moderate,0,249,20,39.3583,True,synthetic,timing,,,,280,,23021,0.8,0.3,30,250
harmony_search,v250_moderate_seed23,250,4089,moderate,0,249,20,33.3876,True,synthetic,timing,,,,280,,23022,0.8,0.3,30,250
harmony_search,v250_moderate_seed23,250,4089,moderate,0,249,20,44.8132,True,synthetic,timing,,,,280,,23023,0.8,0.3,30,250
harmony_search,v250_moderate_seed23,250,4089,moderate,0,249,39,39.8292,True,synthetic,timing,,,,280,,23024,0.8,0.3,30,250
harmony_search,v250_moderate_seed23,250,4089,moderate,0,249,20,36.1112,True,synthetic,timing,,,,280,,23025,0.8,0.3,30,250
harmony_search,v250_moderate_seed23,250,4089,moderate,0,249,20,40.5794,True,synthetic,timing,,,,280,,23026,0.8,0.3,30,250
harmony_search,v250_moderate_seed23,250,4089,moderate,0,249,20,43.9201,True,synthetic,timing,,,,280,,23027,0.8,0.3,30,250
harmony_search,v250_moderate_seed23,250,4089,moderate,0,249,20,29.0206,True,synthetic,timing,,,,280,,23028,0.8,0.3,30,250
harmony_search,v250_moderate_seed23,250,4089,moderate,0,249,20,39.046,True,synthetic,timing,,,,280,,23029,0.8,0.3,30,250
harmony_search,v250_moderate_seed23,250,4089,moderate,0,249,20,118.3213,True,synthetic,memory,,,,280,158.25,23000,0.8,0.3,30,250
dijkstra,v250_moderate_seed37,250,3843,moderate,0,249,9.0,0.0451,True,synthetic,timing,7,168,,,,,,,,
dijkstra,v250_moderate_seed37,250,3843,moderate,0,249,9.0,0.0309,True,synthetic,timing,7,168,,,,,,,,
dijkstra,v250_moderate_seed37,250,3843,moderate,0,249,9.0,0.029,True,synthetic,timing,7,168,,,,,,,,
dijkstra,v250_moderate_seed37,250,3843,moderate,0,249,9.0,0.0288,True,synthetic,timing,7,168,,,,,,,,
dijkstra,v250_moderate_seed37,250,3843,moderate,0,249,9.0,0.0282,True,synthetic,timing,7,168,,,,,,,,
dijkstra,v250_moderate_seed37,250,3843,moderate,0,249,9.0,0.0755,True,synthetic,memory,7,168,,,16.75,,,,,
bellman_ford,v250_moderate_seed37,250,3843,moderate,0,249,9.0,6.6504,True,synthetic,timing,,53802,1431,,,,,,,
bellman_ford,v250_moderate_seed37,250,3843,moderate,0,249,9.0,6.5508,True,synthetic,timing,,53802,1431,,,,,,,
bellman_ford,v250_moderate_seed37,250,3843,moderate,0,249,9.0,6.4071,True,synthetic,timing,,53802,1431,,,,,,,
bellman_ford,v250_moderate_seed37,250,3843,moderate,0,249,9.0,6.4478,True,synthetic,timing,,53802,1431,,,,,,,
bellman_ford,v250_moderate_seed37,250,3843,moderate,0,249,9.0,6.3393,True,synthetic,timing,,53802,1431,,,,,,,
bellman_ford,v250_moderate_seed37,250,3843,moderate,0,249,9.0,58.6174,True,synthetic,memory,,53802,1431,,414.602,,,,,
astar,v250_moderate_seed37,250,3843,moderate,0,249,9.0,0.053,True,synthetic,timing,7,168,,,,,,,,
astar,v250_moderate_seed37,250,3843,moderate,0,249,9.0,0.0352,True,synthetic,timing,7,168,,,,,,,,
astar,v250_moderate_seed37,250,3843,moderate,0,249,9.0,0.0323,True,synthetic,timing,7,168,,,,,,,,
astar,v250_moderate_seed37,250,3843,moderate,0,249,9.0,0.0322,True,synthetic,timing,7,168,,,,,,,,
astar,v250_moderate_seed37,250,3843,moderate,0,249,9.0,0.0323,True,synthetic,timing,7,168,,,,,,,,
astar,v250_moderate_seed37,250,3843,moderate,0,249,9.0,0.1707,True,synthetic,memory,7,168,,,18.836,,,,,
harmony_search,v250_moderate_seed37,250,3843,moderate,0,249,9,36.5476,True,synthetic,timing,,,,280,,37000,0.8,0.3,30,250
harmony_search,v250_moderate_seed37,250,3843,moderate,0,249,9,30.6133,True,synthetic,timing,,,,280,,37001,0.8,0.3,30,250
harmony_search,v250_moderate_seed37,250,3843,moderate,0,249,9,33.1825,True,synthetic,timing,,,,280,,37002,0.8,0.3,30,250
harmony_search,v250_moderate_seed37,250,3843,moderate,0,249,9,34.5663,True,synthetic,timing,,,,280,,37003,0.8,0.3,30,250
harmony_search,v250_moderate_seed37,250,3843,moderate,0,249,9,29.3042,True,synthetic,timing,,,,280,,37004,0.8,0.3,30,250
harmony_search,v250_moderate_seed37,250,3843,moderate,0,249,9,27.6858,True,synthetic,timing,,,,280,,37005,0.8,0.3,30,250
harmony_search,v250_moderate_seed37,250,3843,moderate,0,249,9,31.4224,True,synthetic,timing,,,,280,,37006,0.8,0.3,30,250
harmony_search,v250_moderate_seed37,250,3843,moderate,0,249,9,29.8194,True,synthetic,timing,,,,280,,37007,0.8,0.3,30,250
harmony_search,v250_moderate_seed37,250,3843,moderate,0,249,9,31.0168,True,synthetic,timing,,,,280,,37008,0.8,0.3,30,250
harmony_search,v250_moderate_seed37,250,3843,moderate,0,249,44,39.0396,True,synthetic,timing,,,,280,,37009,0.8,0.3,30,250
harmony_search,v250_moderate_seed37,250,3843,moderate,0,249,9,26.3297,True,synthetic,timing,,,,280,,37010,0.8,0.3,30,250
harmony_search,v250_moderate_seed37,250,3843,moderate,0,249,9,29.0393,True,synthetic,timing,,,,280,,37011,0.8,0.3,30,250
harmony_search,v250_moderate_seed37,250,3843,moderate,0,249,9,28.9947,True,synthetic,timing,,,,280,,37012,0.8,0.3,30,250
harmony_search,v250_moderate_seed37,250,3843,moderate,0,249,9,29.2222,True,synthetic,timing,,,,280,,37013,0.8,0.3,30,250
harmony_search,v250_moderate_seed37,250,3843,moderate,0,249,9,27.4705,True,synthetic,timing,,,,280,,37014,0.8,0.3,30,250
harmony_search,v250_moderate_seed37,250,3843,moderate,0,249,9,29.5143,True,synthetic,timing,,,,280,,37015,0.8,0.3,30,250
harmony_search,v250_moderate_seed37,250,3843,moderate,0,249,38,27.9165,True,synthetic,timing,,,,280,,37016,0.8,0.3,30,250
harmony_search,v250_moderate_seed37,250,3843,moderate,0,249,55,27.2891,True,synthetic,timing,,,,280,,37017,0.8,0.3,30,250
harmony_search,v250_moderate_seed37,250,3843,moderate,0,249,9,31.7666,True,synthetic,timing,,,,280,,37018,0.8,0.3,30,250
harmony_search,v250_moderate_seed37,250,3843,moderate,0,249,9,29.1504,True,synthetic,timing,,,,280,,37019,0.8,0.3,30,250
harmony_search,v250_moderate_seed37,250,3843,moderate,0,249,9,30.2761,True,synthetic,timing,,,,280,,37020,0.8,0.3,30,250
harmony_search,v250_moderate_seed37,250,3843,moderate,0,249,9,31.1738,True,synthetic,timing,,,,280,,37021,0.8,0.3,30,250
harmony_search,v250_moderate_seed37,250,3843,moderate,0,249,9,29.7044,True,synthetic,timing,,,,280,,37022,0.8,0.3,30,250
harmony_search,v250_moderate_seed37,250,3843,moderate,0,249,9,33.2581,True,synthetic,timing,,,,280,,37023,0.8,0.3,30,250
harmony_search,v250_moderate_seed37,250,3843,moderate,0,249,9,29.7865,True,synthetic,timing,,,,280,,37024,0.8,0.3,30,250
harmony_search,v250_moderate_seed37,250,3843,moderate,0,249,9,32.867,True,synthetic,timing,,,,280,,37025,0.8,0.3,30,250
harmony_search,v250_moderate_seed37,250,3843,moderate,0,249,9,39.1952,True,synthetic,timing,,,,280,,37026,0.8,0.3,30,250
harmony_search,v250_moderate_seed37,250,3843,moderate,0,249,9,30.2975,True,synthetic,timing,,,,280,,37027,0.8,0.3,30,250
harmony_search,v250_moderate_seed37,250,3843,moderate,0,249,9,24.3264,True,synthetic,timing,,,,280,,37028,0.8,0.3,30,250
harmony_search,v250_moderate_seed37,250,3843,moderate,0,249,9,31.1149,True,synthetic,timing,,,,280,,37029,0.8,0.3,30,250
harmony_search,v250_moderate_seed37,250,3843,moderate,0,249,9,93.5156,True,synthetic,memory,,,,280,140.508,37000,0.8,0.3,30,250
dijkstra,v250_dense_seed11,250,8029,dense,0,249,9.0,0.3026,True,synthetic,timing,50,3163,,,,,,,,
dijkstra,v250_dense_seed11,250,8029,dense,0,249,9.0,0.3362,True,synthetic,timing,50,3163,,,,,,,,
dijkstra,v250_dense_seed11,250,8029,dense,0,249,9.0,0.2435,True,synthetic,timing,50,3163,,,,,,,,
dijkstra,v250_dense_seed11,250,8029,dense,0,249,9.0,0.2465,True,synthetic,timing,50,3163,,,,,,,,
dijkstra,v250_dense_seed11,250,8029,dense,0,249,9.0,0.2522,True,synthetic,timing,50,3163,,,,,,,,
dijkstra,v250_dense_seed11,250,8029,dense,0,249,9.0,1.3398,True,synthetic,memory,50,3163,,,38.312,,,,,
bellman_ford,v250_dense_seed11,250,8029,dense,0,249,9.0,13.1294,True,synthetic,timing,,96348,1530,,,,,,,
bellman_ford,v250_dense_seed11,250,8029,dense,0,249,9.0,12.2636,True,synthetic,timing,,96348,1530,,,,,,,
bellman_ford,v250_dense_seed11,250,8029,dense,0,249,9.0,11.889,True,synthetic,timing,,96348,1530,,,,,,,
bellman_ford,v250_dense_seed11,250,8029,dense,0,249,9.0,11.8919,True,synthetic,timing,,96348,1530,,,,,,,
bellman_ford,v250_dense_seed11,250,8029,dense,0,249,9.0,11.9949,True,synthetic,timing,,96348,1530,,,,,,,
bellman_ford,v250_dense_seed11,250,8029,dense,0,249,9.0,103.8964,True,synthetic,memory,,96348,1530,,1387.93,,,,,
astar,v250_dense_seed11,250,8029,dense,0,249,9.0,0.3611,True,synthetic,timing,50,3163,,,,,,,,
astar,v250_dense_seed11,250,8029,dense,0,249,9.0,0.2851,True,synthetic,timing,50,3163,,,,,,,,
astar,v250_dense_seed11,250,8029,dense,0,249,9.0,0.266,True,synthetic,timing,50,3163,,,,,,,,
astar,v250_dense_seed11,250,8029,dense,0,249,9.0,0.2581,True,synthetic,timing,50,3163,,,,,,,,
astar,v250_dense_seed11,250,8029,dense,0,249,9.0,0.2578,True,synthetic,timing,50,3163,,,,,,,,
astar,v250_dense_seed11,250,8029,dense,0,249,9.0,1.8472,True,synthetic,memory,50,3163,,,54.016,,,,,
harmony_search,v250_dense_seed11,250,8029,dense,0,249,10,42.3237,True,synthetic,timing,,,,280,,11000,0.8,0.3,30,250
harmony_search,v250_dense_seed11,250,8029,dense,0,249,24,43.4494,True,synthetic,timing,,,,280,,11001,0.8,0.3,30,250
harmony_search,v250_dense_seed11,250,8029,dense,0,249,10,34.2068,True,synthetic,timing,,,,280,,11002,0.8,0.3,30,250
harmony_search,v250_dense_seed11,250,8029,dense,0,249,9,44.6052,True,synthetic,timing,,,,280,,11003,0.8,0.3,30,250
harmony_search,v250_dense_seed11,250,8029,dense,0,249,9,48.4858,True,synthetic,timing,,,,280,,11004,0.8,0.3,30,250
harmony_search,v250_dense_seed11,250,8029,dense,0,249,10,46.4377,True,synthetic,timing,,,,280,,11005,0.8,0.3,30,250
harmony_search,v250_dense_seed11,250,8029,dense,0,249,10,38.0693,True,synthetic,timing,,,,280,,11006,0.8,0.3,30,250
harmony_search,v250_dense_seed11,250,8029,dense,0,249,9,48.1938,True,synthetic,timing,,,,280,,11007,0.8,0.3,30,250
harmony_search,v250_dense_seed11,250,8029,dense,0,249,53,44.8281,True,synthetic,timing,,,,280,,11008,0.8,0.3,30,250
harmony_search,v250_dense_seed11,250,8029,dense,0,249,39,43.7992,True,synthetic,timing,,,,280,,11009,0.8,0.3,30,250
harmony_search,v250_dense_seed11,250,8029,dense,0,249,9,53.0226,True,synthetic,timing,,,,280,,11010,0.8,0.3,30,250
harmony_search,v250_dense_seed11,250,8029,dense,0,249,14,45.3306,True,synthetic,timing,,,,280,,11011,0.8,0.3,30,250
harmony_search,v250_dense_seed11,250,8029,dense,0,249,9,40.9166,True,synthetic,timing,,,,280,,11012,0.8,0.3,30,250
harmony_search,v250_dense_seed11,250,8029,dense,0,249,10,45.3935,True,synthetic,timing,,,,280,,11013,0.8,0.3,30,250
harmony_search,v250_dense_seed11,250,8029,dense,0,249,9,45.2685,True,synthetic,timing,,,,280,,11014,0.8,0.3,30,250
harmony_search,v250_dense_seed11,250,8029,dense,0,249,9,40.1856,True,synthetic,timing,,,,280,,11015,0.8,0.3,30,250
harmony_search,v250_dense_seed11,250,8029,dense,0,249,9,47.4746,True,synthetic,timing,,,,280,,11016,0.8,0.3,30,250
harmony_search,v250_dense_seed11,250,8029,dense,0,249,9,43.0002,True,synthetic,timing,,,,280,,11017,0.8,0.3,30,250
harmony_search,v250_dense_seed11,250,8029,dense,0,249,64,41.9486,True,synthetic,timing,,,,280,,11018,0.8,0.3,30,250
harmony_search,v250_dense_seed11,250,8029,dense,0,249,10,36.3754,True,synthetic,timing,,,,280,,11019,0.8,0.3,30,250
harmony_search,v250_dense_seed11,250,8029,dense,0,249,10,40.5404,True,synthetic,timing,,,,280,,11020,0.8,0.3,30,250
harmony_search,v250_dense_seed11,250,8029,dense,0,249,9,46.9871,True,synthetic,timing,,,,280,,11021,0.8,0.3,30,250
harmony_search,v250_dense_seed11,250,8029,dense,0,249,9,36.569,True,synthetic,timing,,,,280,,11022,0.8,0.3,30,250
harmony_search,v250_dense_seed11,250,8029,dense,0,249,9,41.187,True,synthetic,timing,,,,280,,11023,0.8,0.3,30,250
harmony_search,v250_dense_seed11,250,8029,dense,0,249,9,50.1338,True,synthetic,timing,,,,280,,11024,0.8,0.3,30,250
harmony_search,v250_dense_seed11,250,8029,dense,0,249,10,46.2312,True,synthetic,timing,,,,280,,11025,0.8,0.3,30,250
harmony_search,v250_dense_seed11,250,8029,dense,0,249,9,41.9426,True,synthetic,timing,,,,280,,11026,0.8,0.3,30,250
harmony_search,v250_dense_seed11,250,8029,dense,0,249,10,53.4588,True,synthetic,timing,,,,280,,11027,0.8,0.3,30,250
harmony_search,v250_dense_seed11,250,8029,dense,0,249,10,44.5767,True,synthetic,timing,,,,280,,11028,0.8,0.3,30,250
harmony_search,v250_dense_seed11,250,8029,dense,0,249,39,44.2257,True,synthetic,timing,,,,280,,11029,0.8,0.3,30,250
harmony_search,v250_dense_seed11,250,8029,dense,0,249,10,90.9405,True,synthetic,memory,,,,280,132.18,11000,0.8,0.3,30,250
dijkstra,v250_dense_seed23,250,8133,dense,0,249,20.0,1.0132,True,synthetic,timing,250,16209,,,,,,,,
dijkstra,v250_dense_seed23,250,8133,dense,0,249,20.0,0.9616,True,synthetic,timing,250,16209,,,,,,,,
dijkstra,v250_dense_seed23,250,8133,dense,0,249,20.0,1.0201,True,synthetic,timing,250,16209,,,,,,,,
dijkstra,v250_dense_seed23,250,8133,dense,0,249,20.0,0.9661,True,synthetic,timing,250,16209,,,,,,,,
dijkstra,v250_dense_seed23,250,8133,dense,0,249,20.0,0.9279,True,synthetic,timing,250,16209,,,,,,,,
dijkstra,v250_dense_seed23,250,8133,dense,0,249,20.0,5.3658,True,synthetic,memory,250,16209,,,42.672,,,,,
bellman_ford,v250_dense_seed23,250,8133,dense,0,249,20.0,12.2281,True,synthetic,timing,,97596,1466,,,,,,,
bellman_ford,v250_dense_seed23,250,8133,dense,0,249,20.0,12.157,True,synthetic,timing,,97596,1466,,,,,,,
bellman_ford,v250_dense_seed23,250,8133,dense,0,249,20.0,12.4672,True,synthetic,timing,,97596,1466,,,,,,,
bellman_ford,v250_dense_seed23,250,8133,dense,0,249,20.0,12.1139,True,synthetic,timing,,97596,1466,,,,,,,
bellman_ford,v250_dense_seed23,250,8133,dense,0,249,20.0,12.0753,True,synthetic,timing,,97596,1466,,,,,,,
bellman_ford,v250_dense_seed23,250,8133,dense,0,249,20.0,117.1576,True,synthetic,memory,,97596,1466,,1401.742,,,,,
astar,v250_dense_seed23,250,8133,dense,0,249,20.0,1.1337,True,synthetic,timing,250,16209,,,,,,,,
astar,v250_dense_seed23,250,8133,dense,0,249,20.0,1.0552,True,synthetic,timing,250,16209,,,,,,,,
astar,v250_dense_seed23,250,8133,dense,0,249,20.0,0.9848,True,synthetic,timing,250,16209,,,,,,,,
astar,v250_dense_seed23,250,8133,dense,0,249,20.0,1.0149,True,synthetic,timing,250,16209,,,,,,,,
astar,v250_dense_seed23,250,8133,dense,0,249,20.0,0.9969,True,synthetic,timing,250,16209,,,,,,,,
astar,v250_dense_seed23,250,8133,dense,0,249,20.0,6.5409,True,synthetic,memory,250,16209,,,59.617,,,,,
harmony_search,v250_dense_seed23,250,8133,dense,0,249,25,59.4614,True,synthetic,timing,,,,280,,23000,0.8,0.3,30,250
harmony_search,v250_dense_seed23,250,8133,dense,0,249,25,55.0193,True,synthetic,timing,,,,280,,23001,0.8,0.3,30,250
harmony_search,v250_dense_seed23,250,8133,dense,0,249,69,54.7186,True,synthetic,timing,,,,280,,23002,0.8,0.3,30,250
harmony_search,v250_dense_seed23,250,8133,dense,0,249,25,58.8745,True,synthetic,timing,,,,280,,23003,0.8,0.3,30,250
harmony_search,v250_dense_seed23,250,8133,dense,0,249,25,69.2781,True,synthetic,timing,,,,280,,23004,0.8,0.3,30,250
harmony_search,v250_dense_seed23,250,8133,dense,0,249,26,53.6522,True,synthetic,timing,,,,280,,23005,0.8,0.3,30,250
harmony_search,v250_dense_seed23,250,8133,dense,0,249,26,48.4375,True,synthetic,timing,,,,280,,23006,0.8,0.3,30,250
harmony_search,v250_dense_seed23,250,8133,dense,0,249,25,54.9963,True,synthetic,timing,,,,280,,23007,0.8,0.3,30,250
harmony_search,v250_dense_seed23,250,8133,dense,0,249,26,51.4007,True,synthetic,timing,,,,280,,23008,0.8,0.3,30,250
harmony_search,v250_dense_seed23,250,8133,dense,0,249,26,47.2826,True,synthetic,timing,,,,280,,23009,0.8,0.3,30,250
harmony_search,v250_dense_seed23,250,8133,dense,0,249,25,42.7613,True,synthetic,timing,,,,280,,23010,0.8,0.3,30,250
harmony_search,v250_dense_seed23,250,8133,dense,0,249,58,47.6722,True,synthetic,timing,,,,280,,23011,0.8,0.3,30,250
harmony_search,v250_dense_seed23,250,8133,dense,0,249,51,52.8147,True,synthetic,timing,,,,280,,23012,0.8,0.3,30,250
harmony_search,v250_dense_seed23,250,8133,dense,0,249,49,56.3985,True,synthetic,timing,,,,280,,23013,0.8,0.3,30,250
harmony_search,v250_dense_seed23,250,8133,dense,0,249,25,62.6061,True,synthetic,timing,,,,280,,23014,0.8,0.3,30,250
harmony_search,v250_dense_seed23,250,8133,dense,0,249,25,59.6112,True,synthetic,timing,,,,280,,23015,0.8,0.3,30,250
harmony_search,v250_dense_seed23,250,8133,dense,0,249,25,60.5282,True,synthetic,timing,,,,280,,23016,0.8,0.3,30,250
harmony_search,v250_dense_seed23,250,8133,dense,0,249,81,51.7882,True,synthetic,timing,,,,280,,23017,0.8,0.3,30,250
harmony_search,v250_dense_seed23,250,8133,dense,0,249,33,50.5341,True,synthetic,timing,,,,280,,23018,0.8,0.3,30,250
harmony_search,v250_dense_seed23,250,8133,dense,0,249,26,65.6807,True,synthetic,timing,,,,280,,23019,0.8,0.3,30,250
harmony_search,v250_dense_seed23,250,8133,dense,0,249,26,57.6276,True,synthetic,timing,,,,280,,23020,0.8,0.3,30,250
harmony_search,v250_dense_seed23,250,8133,dense,0,249,26,61.6692,True,synthetic,timing,,,,280,,23021,0.8,0.3,30,250
harmony_search,v250_dense_seed23,250,8133,dense,0,249,73,46.3579,True,synthetic,timing,,,,280,,23022,0.8,0.3,30,250
harmony_search,v250_dense_seed23,250,8133,dense,0,249,26,51.1274,True,synthetic,timing,,,,280,,23023,0.8,0.3,30,250
harmony_search,v250_dense_seed23,250,8133,dense,0,249,26,52.5896,True,synthetic,timing,,,,280,,23024,0.8,0.3,30,250
harmony_search,v250_dense_seed23,250,8133,dense,0,249,21,58.727,True,synthetic,timing,,,,280,,23025,0.8,0.3,30,250
harmony_search,v250_dense_seed23,250,8133,dense,0,249,26,63.9178,True,synthetic,timing,,,,280,,23026,0.8,0.3,30,250
harmony_search,v250_dense_seed23,250,8133,dense,0,249,26,46.7529,True,synthetic,timing,,,,280,,23027,0.8,0.3,30,250
harmony_search,v250_dense_seed23,250,8133,dense,0,249,26,63.2136,True,synthetic,timing,,,,280,,23028,0.8,0.3,30,250
harmony_search,v250_dense_seed23,250,8133,dense,0,249,26,53.2549,True,synthetic,timing,,,,280,,23029,0.8,0.3,30,250
harmony_search,v250_dense_seed23,250,8133,dense,0,249,25,127.1268,True,synthetic,memory,,,,280,145.812,23000,0.8,0.3,30,250
dijkstra,v250_dense_seed37,250,7997,dense,0,249,10.0,0.4874,True,synthetic,timing,87,5502,,,,,,,,
dijkstra,v250_dense_seed37,250,7997,dense,0,249,10.0,0.4064,True,synthetic,timing,87,5502,,,,,,,,
dijkstra,v250_dense_seed37,250,7997,dense,0,249,10.0,0.3636,True,synthetic,timing,87,5502,,,,,,,,
dijkstra,v250_dense_seed37,250,7997,dense,0,249,10.0,0.3735,True,synthetic,timing,87,5502,,,,,,,,
dijkstra,v250_dense_seed37,250,7997,dense,0,249,10.0,0.3581,True,synthetic,timing,87,5502,,,,,,,,
dijkstra,v250_dense_seed37,250,7997,dense,0,249,10.0,2.0013,True,synthetic,memory,87,5502,,,40.719,,,,,
bellman_ford,v250_dense_seed37,250,7997,dense,0,249,10.0,13.4046,True,synthetic,timing,,111958,1690,,,,,,,
bellman_ford,v250_dense_seed37,250,7997,dense,0,249,10.0,13.384,True,synthetic,timing,,111958,1690,,,,,,,
bellman_ford,v250_dense_seed37,250,7997,dense,0,249,10.0,13.8267,True,synthetic,timing,,111958,1690,,,,,,,
bellman_ford,v250_dense_seed37,250,7997,dense,0,249,10.0,13.6531,True,synthetic,timing,,111958,1690,,,,,,,
bellman_ford,v250_dense_seed37,250,7997,dense,0,249,10.0,13.5277,True,synthetic,timing,,111958,1690,,,,,,,
bellman_ford,v250_dense_seed37,250,7997,dense,0,249,10.0,115.3415,True,synthetic,memory,,111958,1690,,1383.68,,,,,
astar,v250_dense_seed37,250,7997,dense,0,249,10.0,0.508,True,synthetic,timing,87,5502,,,,,,,,
astar,v250_dense_seed37,250,7997,dense,0,249,10.0,0.421,True,synthetic,timing,87,5502,,,,,,,,
astar,v250_dense_seed37,250,7997,dense,0,249,10.0,0.3835,True,synthetic,timing,87,5502,,,,,,,,
astar,v250_dense_seed37,250,7997,dense,0,249,10.0,0.4086,True,synthetic,timing,87,5502,,,,,,,,
astar,v250_dense_seed37,250,7997,dense,0,249,10.0,0.3904,True,synthetic,timing,87,5502,,,,,,,,
astar,v250_dense_seed37,250,7997,dense,0,249,10.0,2.6406,True,synthetic,memory,87,5502,,,57.289,,,,,
harmony_search,v250_dense_seed37,250,7997,dense,0,249,27,68.0067,True,synthetic,timing,,,,280,,37000,0.8,0.3,30,250
harmony_search,v250_dense_seed37,250,7997,dense,0,249,27,50.8053,True,synthetic,timing,,,,280,,37001,0.8,0.3,30,250
harmony_search,v250_dense_seed37,250,7997,dense,0,249,57,47.2747,True,synthetic,timing,,,,280,,37002,0.8,0.3,30,250
harmony_search,v250_dense_seed37,250,7997,dense,0,249,58,47.9488,True,synthetic,timing,,,,280,,37003,0.8,0.3,30,250
harmony_search,v250_dense_seed37,250,7997,dense,0,249,27,48.1807,True,synthetic,timing,,,,280,,37004,0.8,0.3,30,250
harmony_search,v250_dense_seed37,250,7997,dense,0,249,61,42.9966,True,synthetic,timing,,,,280,,37005,0.8,0.3,30,250
harmony_search,v250_dense_seed37,250,7997,dense,0,249,54,49.1554,True,synthetic,timing,,,,280,,37006,0.8,0.3,30,250
harmony_search,v250_dense_seed37,250,7997,dense,0,249,34,55.3125,True,synthetic,timing,,,,280,,37007,0.8,0.3,30,250
harmony_search,v250_dense_seed37,250,7997,dense,0,249,27,39.5845,True,synthetic,timing,,,,280,,37008,0.8,0.3,30,250
harmony_search,v250_dense_seed37,250,7997,dense,0,249,31,42.8185,True,synthetic,timing,,,,280,,37009,0.8,0.3,30,250
harmony_search,v250_dense_seed37,250,7997,dense,0,249,39,47.2807,True,synthetic,timing,,,,280,,37010,0.8,0.3,30,250
harmony_search,v250_dense_seed37,250,7997,dense,0,249,42,36.6611,True,synthetic,timing,,,,280,,37011,0.8,0.3,30,250
harmony_search,v250_dense_seed37,250,7997,dense,0,249,27,52.1162,True,synthetic,timing,,,,280,,37012,0.8,0.3,30,250
harmony_search,v250_dense_seed37,250,7997,dense,0,249,17,41.4289,True,synthetic,timing,,,,280,,37013,0.8,0.3,30,250
harmony_search,v250_dense_seed37,250,7997,dense,0,249,27,55.092,True,synthetic,timing,,,,280,,37014,0.8,0.3,30,250
harmony_search,v250_dense_seed37,250,7997,dense,0,249,31,43.2798,True,synthetic,timing,,,,280,,37015,0.8,0.3,30,250
harmony_search,v250_dense_seed37,250,7997,dense,0,249,27,41.6031,True,synthetic,timing,,,,280,,37016,0.8,0.3,30,250
harmony_search,v250_dense_seed37,250,7997,dense,0,249,50,40.4822,True,synthetic,timing,,,,280,,37017,0.8,0.3,30,250
harmony_search,v250_dense_seed37,250,7997,dense,0,249,27,51.4844,True,synthetic,timing,,,,280,,37018,0.8,0.3,30,250
harmony_search,v250_dense_seed37,250,7997,dense,0,249,69,57.1413,True,synthetic,timing,,,,280,,37019,0.8,0.3,30,250
harmony_search,v250_dense_seed37,250,7997,dense,0,249,31,40.1085,True,synthetic,timing,,,,280,,37020,0.8,0.3,30,250
harmony_search,v250_dense_seed37,250,7997,dense,0,249,51,51.6046,True,synthetic,timing,,,,280,,37021,0.8,0.3,30,250
harmony_search,v250_dense_seed37,250,7997,dense,0,249,27,47.2287,True,synthetic,timing,,,,280,,37022,0.8,0.3,30,250
harmony_search,v250_dense_seed37,250,7997,dense,0,249,31,45.8034,True,synthetic,timing,,,,280,,37023,0.8,0.3,30,250
harmony_search,v250_dense_seed37,250,7997,dense,0,249,31,52.0418,True,synthetic,timing,,,,280,,37024,0.8,0.3,30,250
harmony_search,v250_dense_seed37,250,7997,dense,0,249,69,47.5195,True,synthetic,timing,,,,280,,37025,0.8,0.3,30,250
harmony_search,v250_dense_seed37,250,7997,dense,0,249,27,38.5885,True,synthetic,timing,,,,280,,37026,0.8,0.3,30,250
harmony_search,v250_dense_seed37,250,7997,dense,0,249,31,51.1472,True,synthetic,timing,,,,280,,37027,0.8,0.3,30,250
harmony_search,v250_dense_seed37,250,7997,dense,0,249,42,51.6398,True,synthetic,timing,,,,280,,37028,0.8,0.3,30,250
harmony_search,v250_dense_seed37,250,7997,dense,0,249,27,39.8365,True,synthetic,timing,,,,280,,37029,0.8,0.3,30,250
harmony_search,v250_dense_seed37,250,7997,dense,0,249,27,148.4963,True,synthetic,memory,,,,280,160.945,37000,0.8,0.3,30,250
dijkstra,v1000_sparse_seed11,1000,20734,sparse,0,999,19.0,1.8782,True,synthetic,timing,384,16116,,,,,,,,
dijkstra,v1000_sparse_seed11,1000,20734,sparse,0,999,19.0,1.4166,True,synthetic,timing,384,16116,,,,,,,,
dijkstra,v1000_sparse_seed11,1000,20734,sparse,0,999,19.0,1.3724,True,synthetic,timing,384,16116,,,,,,,,
dijkstra,v1000_sparse_seed11,1000,20734,sparse,0,999,19.0,1.3548,True,synthetic,timing,384,16116,,,,,,,,
dijkstra,v1000_sparse_seed11,1000,20734,sparse,0,999,19.0,1.345,True,synthetic,timing,384,16116,,,,,,,,
dijkstra,v1000_sparse_seed11,1000,20734,sparse,0,999,19.0,8.7956,True,synthetic,memory,384,16116,,,186.625,,,,,
bellman_ford,v1000_sparse_seed11,1000,20734,sparse,0,999,19.0,43.6507,True,synthetic,timing,,331744,6435,,,,,,,
bellman_ford,v1000_sparse_seed11,1000,20734,sparse,0,999,19.0,44.4519,True,synthetic,timing,,331744,6435,,,,,,,
bellman_ford,v1000_sparse_seed11,1000,20734,sparse,0,999,19.0,44.3345,True,synthetic,timing,,331744,6435,,,,,,,
bellman_ford,v1000_sparse_seed11,1000,20734,sparse,0,999,19.0,43.3069,True,synthetic,timing,,331744,6435,,,,,,,
bellman_ford,v1000_sparse_seed11,1000,20734,sparse,0,999,19.0,43.967,True,synthetic,timing,,331744,6435,,,,,,,
bellman_ford,v1000_sparse_seed11,1000,20734,sparse,0,999,19.0,442.5199,True,synthetic,memory,,331744,6435,,5110.906,,,,,
astar,v1000_sparse_seed11,1000,20734,sparse,0,999,19.0,1.728,True,synthetic,timing,384,16116,,,,,,,,
astar,v1000_sparse_seed11,1000,20734,sparse,0,999,19.0,1.5441,True,synthetic,timing,384,16116,,,,,,,,
astar,v1000_sparse_seed11,1000,20734,sparse,0,999,19.0,1.4699,True,synthetic,timing,384,16116,,,,,,,,
astar,v1000_sparse_seed11,1000,20734,sparse,0,999,19.0,1.4662,True,synthetic,timing,384,16116,,,,,,,,
astar,v1000_sparse_seed11,1000,20734,sparse,0,999,19.0,1.4643,True,synthetic,timing,384,16116,,,,,,,,
astar,v1000_sparse_seed11,1000,20734,sparse,0,999,19.0,11.3344,True,synthetic,memory,384,16116,,,248.43,,,,,
harmony_search,v1000_sparse_seed11,1000,20734,sparse,0,999,98,124.8865,True,synthetic,timing,,,,280,,11000,0.8,0.3,30,250
harmony_search,v1000_sparse_seed11,1000,20734,sparse,0,999,124,151.1112,True,synthetic,timing,,,,280,,11001,0.8,0.3,30,250
harmony_search,v1000_sparse_seed11,1000,20734,sparse,0,999,38,156.5249,True,synthetic,timing,,,,280,,11002,0.8,0.3,30,250
harmony_search,v1000_sparse_seed11,1000,20734,sparse,0,999,65,131.7551,True,synthetic,timing,,,,280,,11003,0.8,0.3,30,250
harmony_search,v1000_sparse_seed11,1000,20734,sparse,0,999,99,132.7484,True,synthetic,timing,,,,280,,11004,0.8,0.3,30,250
harmony_search,v1000_sparse_seed11,1000,20734,sparse,0,999,169,145.0676,True,synthetic,timing,,,,280,,11005,0.8,0.3,30,250
harmony_search,v1000_sparse_seed11,1000,20734,sparse,0,999,65,113.817,True,synthetic,timing,,,,280,,11006,0.8,0.3,30,250
harmony_search,v1000_sparse_seed11,1000,20734,sparse,0,999,68,114.9063,True,synthetic,timing,,,,280,,11007,0.8,0.3,30,250
harmony_search,v1000_sparse_seed11,1000,20734,sparse,0,999,82,171.2283,True,synthetic,timing,,,,280,,11008,0.8,0.3,30,250
harmony_search,v1000_sparse_seed11,1000,20734,sparse,0,999,62,148.2186,True,synthetic,timing,,,,280,,11009,0.8,0.3,30,250
harmony_search,v1000_sparse_seed11,1000,20734,sparse,0,999,38,132.2453,True,synthetic,timing,,,,280,,11010,0.8,0.3,30,250
harmony_search,v1000_sparse_seed11,1000,20734,sparse,0,999,57,133.2149,True,synthetic,timing,,,,280,,11011,0.8,0.3,30,250
harmony_search,v1000_sparse_seed11,1000,20734,sparse,0,999,38,137.2124,True,synthetic,timing,,,,280,,11012,0.8,0.3,30,250
harmony_search,v1000_sparse_seed11,1000,20734,sparse,0,999,35,133.9398,True,synthetic,timing,,,,280,,11013,0.8,0.3,30,250
harmony_search,v1000_sparse_seed11,1000,20734,sparse,0,999,38,155.7279,True,synthetic,timing,,,,280,,11014,0.8,0.3,30,250
harmony_search,v1000_sparse_seed11,1000,20734,sparse,0,999,44,146.209,True,synthetic,timing,,,,280,,11015,0.8,0.3,30,250
harmony_search,v1000_sparse_seed11,1000,20734,sparse,0,999,38,132.4012,True,synthetic,timing,,,,280,,11016,0.8,0.3,30,250
harmony_search,v1000_sparse_seed11,1000,20734,sparse,0,999,38,128.8933,True,synthetic,timing,,,,280,,11017,0.8,0.3,30,250
harmony_search,v1000_sparse_seed11,1000,20734,sparse,0,999,115,120.6188,True,synthetic,timing,,,,280,,11018,0.8,0.3,30,250
harmony_search,v1000_sparse_seed11,1000,20734,sparse,0,999,56,144.4556,True,synthetic,timing,,,,280,,11019,0.8,0.3,30,250
harmony_search,v1000_sparse_seed11,1000,20734,sparse,0,999,38,134.7856,True,synthetic,timing,,,,280,,11020,0.8,0.3,30,250
harmony_search,v1000_sparse_seed11,1000,20734,sparse,0,999,36,122.5824,True,synthetic,timing,,,,280,,11021,0.8,0.3,30,250
harmony_search,v1000_sparse_seed11,1000,20734,sparse,0,999,104,172.3951,True,synthetic,timing,,,,280,,11022,0.8,0.3,30,250
harmony_search,v1000_sparse_seed11,1000,20734,sparse,0,999,68,167.3981,True,synthetic,timing,,,,280,,11023,0.8,0.3,30,250
harmony_search,v1000_sparse_seed11,1000,20734,sparse,0,999,24,131.9006,True,synthetic,timing,,,,280,,11024,0.8,0.3,30,250
harmony_search,v1000_sparse_seed11,1000,20734,sparse,0,999,19,142.158,True,synthetic,timing,,,,280,,11025,0.8,0.3,30,250
harmony_search,v1000_sparse_seed11,1000,20734,sparse,0,999,97,127.6871,True,synthetic,timing,,,,280,,11026,0.8,0.3,30,250
harmony_search,v1000_sparse_seed11,1000,20734,sparse,0,999,115,152.8117,True,synthetic,timing,,,,280,,11027,0.8,0.3,30,250
harmony_search,v1000_sparse_seed11,1000,20734,sparse,0,999,38,155.7383,True,synthetic,timing,,,,280,,11028,0.8,0.3,30,250
harmony_search,v1000_sparse_seed11,1000,20734,sparse,0,999,38,127.5132,True,synthetic,timing,,,,280,,11029,0.8,0.3,30,250
harmony_search,v1000_sparse_seed11,1000,20734,sparse,0,999,98,282.7524,True,synthetic,memory,,,,280,489.75,11000,0.8,0.3,30,250
dijkstra,v1000_sparse_seed23,1000,20955,sparse,0,999,25.0,2.6479,True,synthetic,timing,689,29387,,,,,,,,
dijkstra,v1000_sparse_seed23,1000,20955,sparse,0,999,25.0,2.3058,True,synthetic,timing,689,29387,,,,,,,,
dijkstra,v1000_sparse_seed23,1000,20955,sparse,0,999,25.0,2.2861,True,synthetic,timing,689,29387,,,,,,,,
dijkstra,v1000_sparse_seed23,1000,20955,sparse,0,999,25.0,2.2633,True,synthetic,timing,689,29387,,,,,,,,
dijkstra,v1000_sparse_seed23,1000,20955,sparse,0,999,25.0,2.2522,True,synthetic,timing,689,29387,,,,,,,,
dijkstra,v1000_sparse_seed23,1000,20955,sparse,0,999,25.0,11.5963,True,synthetic,memory,689,29387,,,193.305,,,,,
bellman_ford,v1000_sparse_seed23,1000,20955,sparse,0,999,25.0,40.0554,True,synthetic,timing,,293370,6202,,,,,,,
bellman_ford,v1000_sparse_seed23,1000,20955,sparse,0,999,25.0,40.7465,True,synthetic,timing,,293370,6202,,,,,,,
bellman_ford,v1000_sparse_seed23,1000,20955,sparse,0,999,25.0,40.2232,True,synthetic,timing,,293370,6202,,,,,,,
bellman_ford,v1000_sparse_seed23,1000,20955,sparse,0,999,25.0,40.9205,True,synthetic,timing,,293370,6202,,,,,,,
bellman_ford,v1000_sparse_seed23,1000,20955,sparse,0,999,25.0,40.7947,True,synthetic,timing,,293370,6202,,,,,,,
bellman_ford,v1000_sparse_seed23,1000,20955,sparse,0,999,25.0,356.2184,True,synthetic,memory,,293370,6202,,5110.906,,,,,
astar,v1000_sparse_seed23,1000,20955,sparse,0,999,25.0,2.739,True,synthetic,timing,689,29387,,,,,,,,
astar,v1000_sparse_seed23,1000,20955,sparse,0,999,25.0,2.6483,True,synthetic,timing,689,29387,,,,,,,,
astar,v1000_sparse_seed23,1000,20955,sparse,0,999,25.0,2.4208,True,synthetic,timing,689,29387,,,,,,,,
astar,v1000_sparse_seed23,1000,20955,sparse,0,999,25.0,2.333,True,synthetic,timing,689,29387,,,,,,,,
astar,v1000_sparse_seed23,1000,20955,sparse,0,999,25.0,2.3377,True,synthetic,timing,689,29387,,,,,,,,
astar,v1000_sparse_seed23,1000,20955,sparse,0,999,25.0,13.9473,True,synthetic,memory,689,29387,,,255.523,,,,,
harmony_search,v1000_sparse_seed23,1000,20955,sparse,0,999,34,147.6882,True,synthetic,timing,,,,280,,23000,0.8,0.3,30,250
harmony_search,v1000_sparse_seed23,1000,20955,sparse,0,999,46,125.5319,True,synthetic,timing,,,,280,,23001,0.8,0.3,30,250
harmony_search,v1000_sparse_seed23,1000,20955,sparse,0,999,34,152.9637,True,synthetic,timing,,,,280,,23002,0.8,0.3,30,250
harmony_search,v1000_sparse_seed23,1000,20955,sparse,0,999,34,149.7759,True,synthetic,timing,,,,280,,23003,0.8,0.3,30,250
harmony_search,v1000_sparse_seed23,1000,20955,sparse,0,999,75,143.5441,True,synthetic,timing,,,,280,,23004,0.8,0.3,30,250
harmony_search,v1000_sparse_seed23,1000,20955,sparse,0,999,34,131.396,True,synthetic,timing,,,,280,,23005,0.8,0.3,30,250
harmony_search,v1000_sparse_seed23,1000,20955,sparse,0,999,51,186.6027,True,synthetic,timing,,,,280,,23006,0.8,0.3,30,250
harmony_search,v1000_sparse_seed23,1000,20955,sparse,0,999,64,152.5095,True,synthetic,timing,,,,280,,23007,0.8,0.3,30,250
harmony_search,v1000_sparse_seed23,1000,20955,sparse,0,999,47,164.484,True,synthetic,timing,,,,280,,23008,0.8,0.3,30,250
harmony_search,v1000_sparse_seed23,1000,20955,sparse,0,999,47,162.2074,True,synthetic,timing,,,,280,,23009,0.8,0.3,30,250
harmony_search,v1000_sparse_seed23,1000,20955,sparse,0,999,36,120.8785,True,synthetic,timing,,,,280,,23010,0.8,0.3,30,250
harmony_search,v1000_sparse_seed23,1000,20955,sparse,0,999,34,150.0155,True,synthetic,timing,,,,280,,23011,0.8,0.3,30,250
harmony_search,v1000_sparse_seed23,1000,20955,sparse,0,999,41,113.9014,True,synthetic,timing,,,,280,,23012,0.8,0.3,30,250
harmony_search,v1000_sparse_seed23,1000,20955,sparse,0,999,34,122.9122,True,synthetic,timing,,,,280,,23013,0.8,0.3,30,250
harmony_search,v1000_sparse_seed23,1000,20955,sparse,0,999,98,138.5218,True,synthetic,timing,,,,280,,23014,0.8,0.3,30,250
harmony_search,v1000_sparse_seed23,1000,20955,sparse,0,999,86,164.7248,True,synthetic,timing,,,,280,,23015,0.8,0.3,30,250
harmony_search,v1000_sparse_seed23,1000,20955,sparse,0,999,47,152.6561,True,synthetic,timing,,,,280,,23016,0.8,0.3,30,250
harmony_search,v1000_sparse_seed23,1000,20955,sparse,0,999,47,166.0137,True,synthetic,timing,,,,280,,23017,0.8,0.3,30,250
harmony_search,v1000_sparse_seed23,1000,20955,sparse,0,999,34,150.0078,True,synthetic,timing,,,,280,,23018,0.8,0.3,30,250
harmony_search,v1000_sparse_seed23,1000,20955,sparse,0,999,132,109.7428,True,synthetic,timing,,,,280,,23019,0.8,0.3,30,250
harmony_search,v1000_sparse_seed23,1000,20955,sparse,0,999,36,148.8042,True,synthetic,timing,,,,280,,23020,0.8,0.3,30,250
harmony_search,v1000_sparse_seed23,1000,20955,sparse,0,999,46,168.9482,True,synthetic,timing,,,,280,,23021,0.8,0.3,30,250
harmony_search,v1000_sparse_seed23,1000,20955,sparse,0,999,86,164.3064,True,synthetic,timing,,,,280,,23022,0.8,0.3,30,250
harmony_search,v1000_sparse_seed23,1000,20955,sparse,0,999,47,147.2702,True,synthetic,timing,,,,280,,23023,0.8,0.3,30,250
harmony_search,v1000_sparse_seed23,1000,20955,sparse,0,999,47,120.1239,True,synthetic,timing,,,,280,,23024,0.8,0.3,30,250
harmony_search,v1000_sparse_seed23,1000,20955,sparse,0,999,47,134.7277,True,synthetic,timing,,,,280,,23025,0.8,0.3,30,250
harmony_search,v1000_sparse_seed23,1000,20955,sparse,0,999,47,140.3203,True,synthetic,timing,,,,280,,23026,0.8,0.3,30,250
harmony_search,v1000_sparse_seed23,1000,20955,sparse,0,999,47,157.1953,True,synthetic,timing,,,,280,,23027,0.8,0.3,30,250
harmony_search,v1000_sparse_seed23,1000,20955,sparse,0,999,47,154.0063,True,synthetic,timing,,,,280,,23028,0.8,0.3,30,250
harmony_search,v1000_sparse_seed23,1000,20955,sparse,0,999,47,199.0136,True,synthetic,timing,,,,280,,23029,0.8,0.3,30,250
harmony_search,v1000_sparse_seed23,1000,20955,sparse,0,999,34,347.8289,True,synthetic,memory,,,,280,570.031,23000,0.8,0.3,30,250
dijkstra,v1000_sparse_seed37,1000,20895,sparse,0,999,11.0,0.2495,True,synthetic,timing,25,1012,,,,,,,,
dijkstra,v1000_sparse_seed37,1000,20895,sparse,0,999,11.0,0.1777,True,synthetic,timing,25,1012,,,,,,,,
dijkstra,v1000_sparse_seed37,1000,20895,sparse,0,999,11.0,0.1714,True,synthetic,timing,25,1012,,,,,,,,
dijkstra,v1000_sparse_seed37,1000,20895,sparse,0,999,11.0,0.1701,True,synthetic,timing,25,1012,,,,,,,,
dijkstra,v1000_sparse_seed37,1000,20895,sparse,0,999,11.0,0.1708,True,synthetic,timing,25,1012,,,,,,,,
dijkstra,v1000_sparse_seed37,1000,20895,sparse,0,999,11.0,0.6893,True,synthetic,memory,25,1012,,,77.672,,,,,
bellman_ford,v1000_sparse_seed37,1000,20895,sparse,0,999,11.0,46.7628,True,synthetic,timing,,334320,6947,,,,,,,
bellman_ford,v1000_sparse_seed37,1000,20895,sparse,0,999,11.0,43.5519,True,synthetic,timing,,334320,6947,,,,,,,
bellman_ford,v1000_sparse_seed37,1000,20895,sparse,0,999,11.0,44.1685,True,synthetic,timing,,334320,6947,,,,,,,
bellman_ford,v1000_sparse_seed37,1000,20895,sparse,0,999,11.0,44.8406,True,synthetic,timing,,334320,6947,,,,,,,
bellman_ford,v1000_sparse_seed37,1000,20895,sparse,0,999,11.0,44.8736,True,synthetic,timing,,334320,6947,,,,,,,
bellman_ford,v1000_sparse_seed37,1000,20895,sparse,0,999,11.0,396.343,True,synthetic,memory,,334320,6947,,5110.906,,,,,
astar,v1000_sparse_seed37,1000,20895,sparse,0,999,11.0,0.2606,True,synthetic,timing,25,1012,,,,,,,,
astar,v1000_sparse_seed37,1000,20895,sparse,0,999,11.0,0.205,True,synthetic,timing,25,1012,,,,,,,,
astar,v1000_sparse_seed37,1000,20895,sparse,0,999,11.0,0.1963,True,synthetic,timing,25,1012,,,,,,,,
astar,v1000_sparse_seed37,1000,20895,sparse,0,999,11.0,0.1923,True,synthetic,timing,25,1012,,,,,,,,
astar,v1000_sparse_seed37,1000,20895,sparse,0,999,11.0,0.1885,True,synthetic,timing,25,1012,,,,,,,,
astar,v1000_sparse_seed37,1000,20895,sparse,0,999,11.0,1.2804,True,synthetic,memory,25,1012,,,96.117,,,,,
harmony_search,v1000_sparse_seed37,1000,20895,sparse,0,999,11,208.6342,True,synthetic,timing,,,,280,,37000,0.8,0.3,30,250
harmony_search,v1000_sparse_seed37,1000,20895,sparse,0,999,11,207.7057,True,synthetic,timing,,,,280,,37001,0.8,0.3,30,250
harmony_search,v1000_sparse_seed37,1000,20895,sparse,0,999,11,216.462,True,synthetic,timing,,,,280,,37002,0.8,0.3,30,250
harmony_search,v1000_sparse_seed37,1000,20895,sparse,0,999,11,190.7823,True,synthetic,timing,,,,280,,37003,0.8,0.3,30,250
harmony_search,v1000_sparse_seed37,1000,20895,sparse,0,999,72,224.378,True,synthetic,timing,,,,280,,37004,0.8,0.3,30,250
harmony_search,v1000_sparse_seed37,1000,20895,sparse,0,999,11,215.4407,True,synthetic,timing,,,,280,,37005,0.8,0.3,30,250
harmony_search,v1000_sparse_seed37,1000,20895,sparse,0,999,11,174.7067,True,synthetic,timing,,,,280,,37006,0.8,0.3,30,250
harmony_search,v1000_sparse_seed37,1000,20895,sparse,0,999,11,210.811,True,synthetic,timing,,,,280,,37007,0.8,0.3,30,250
harmony_search,v1000_sparse_seed37,1000,20895,sparse,0,999,11,243.6751,True,synthetic,timing,,,,280,,37008,0.8,0.3,30,250
harmony_search,v1000_sparse_seed37,1000,20895,sparse,0,999,11,178.0405,True,synthetic,timing,,,,280,,37009,0.8,0.3,30,250
harmony_search,v1000_sparse_seed37,1000,20895,sparse,0,999,11,201.8924,True,synthetic,timing,,,,280,,37010,0.8,0.3,30,250
harmony_search,v1000_sparse_seed37,1000,20895,sparse,0,999,11,199.5879,True,synthetic,timing,,,,280,,37011,0.8,0.3,30,250
harmony_search,v1000_sparse_seed37,1000,20895,sparse,0,999,11,198.8626,True,synthetic,timing,,,,280,,37012,0.8,0.3,30,250
harmony_search,v1000_sparse_seed37,1000,20895,sparse,0,999,11,200.7623,True,synthetic,timing,,,,280,,37013,0.8,0.3,30,250
harmony_search,v1000_sparse_seed37,1000,20895,sparse,0,999,11,211.5357,True,synthetic,timing,,,,280,,37014,0.8,0.3,30,250
harmony_search,v1000_sparse_seed37,1000,20895,sparse,0,999,11,216.2033,True,synthetic,timing,,,,280,,37015,0.8,0.3,30,250
harmony_search,v1000_sparse_seed37,1000,20895,sparse,0,999,11,235.1831,True,synthetic,timing,,,,280,,37016,0.8,0.3,30,250
harmony_search,v1000_sparse_seed37,1000,20895,sparse,0,999,73,211.1662,True,synthetic,timing,,,,280,,37017,0.8,0.3,30,250
harmony_search,v1000_sparse_seed37,1000,20895,sparse,0,999,11,223.0459,True,synthetic,timing,,,,280,,37018,0.8,0.3,30,250
harmony_search,v1000_sparse_seed37,1000,20895,sparse,0,999,11,208.6507,True,synthetic,timing,,,,280,,37019,0.8,0.3,30,250
harmony_search,v1000_sparse_seed37,1000,20895,sparse,0,999,11,153.079,True,synthetic,timing,,,,280,,37020,0.8,0.3,30,250
harmony_search,v1000_sparse_seed37,1000,20895,sparse,0,999,122,165.6057,True,synthetic,timing,,,,280,,37021,0.8,0.3,30,250
harmony_search,v1000_sparse_seed37,1000,20895,sparse,0,999,11,169.5654,True,synthetic,timing,,,,280,,37022,0.8,0.3,30,250
harmony_search,v1000_sparse_seed37,1000,20895,sparse,0,999,11,221.5482,True,synthetic,timing,,,,280,,37023,0.8,0.3,30,250
harmony_search,v1000_sparse_seed37,1000,20895,sparse,0,999,127,198.4892,True,synthetic,timing,,,,280,,37024,0.8,0.3,30,250
harmony_search,v1000_sparse_seed37,1000,20895,sparse,0,999,130,200.55,True,synthetic,timing,,,,280,,37025,0.8,0.3,30,250
harmony_search,v1000_sparse_seed37,1000,20895,sparse,0,999,11,200.6727,True,synthetic,timing,,,,280,,37026,0.8,0.3,30,250
harmony_search,v1000_sparse_seed37,1000,20895,sparse,0,999,130,156.5531,True,synthetic,timing,,,,280,,37027,0.8,0.3,30,250
harmony_search,v1000_sparse_seed37,1000,20895,sparse,0,999,11,156.9643,True,synthetic,timing,,,,280,,37028,0.8,0.3,30,250
harmony_search,v1000_sparse_seed37,1000,20895,sparse,0,999,11,163.3389,True,synthetic,timing,,,,280,,37029,0.8,0.3,30,250
harmony_search,v1000_sparse_seed37,1000,20895,sparse,0,999,11,470.8935,True,synthetic,memory,,,,280,635.453,37000,0.8,0.3,30,250
dijkstra,v1000_moderate_seed11,1000,60628,moderate,0,999,5.0,0.8058,True,synthetic,timing,46,5444,,,,,,,,
dijkstra,v1000_moderate_seed11,1000,60628,moderate,0,999,5.0,0.7263,True,synthetic,timing,46,5444,,,,,,,,
dijkstra,v1000_moderate_seed11,1000,60628,moderate,0,999,5.0,0.6095,True,synthetic,timing,46,5444,,,,,,,,
dijkstra,v1000_moderate_seed11,1000,60628,moderate,0,999,5.0,0.5878,True,synthetic,timing,46,5444,,,,,,,,
dijkstra,v1000_moderate_seed11,1000,60628,moderate,0,999,5.0,0.5944,True,synthetic,timing,46,5444,,,,,,,,
dijkstra,v1000_moderate_seed11,1000,60628,moderate,0,999,5.0,2.8545,True,synthetic,memory,46,5444,,,150.305,,,,,
bellman_ford,v1000_moderate_seed11,1000,60628,moderate,0,999,5.0,90.5282,True,synthetic,timing,,606280,7117,,,,,,,
bellman_ford,v1000_moderate_seed11,1000,60628,moderate,0,999,5.0,90.4456,True,synthetic,timing,,606280,7117,,,,,,,
bellman_ford,v1000_moderate_seed11,1000,60628,moderate,0,999,5.0,94.979,True,synthetic,timing,,606280,7117,,,,,,,
bellman_ford,v1000_moderate_seed11,1000,60628,moderate,0,999,5.0,91.8719,True,synthetic,timing,,606280,7117,,,,,,,
bellman_ford,v1000_moderate_seed11,1000,60628,moderate,0,999,5.0,95.3007,True,synthetic,timing,,606280,7117,,,,,,,
bellman_ford,v1000_moderate_seed11,1000,60628,moderate,0,999,5.0,824.7119,True,synthetic,memory,,606280,7117,,10359.328,,,,,
astar,v1000_moderate_seed11,1000,60628,moderate,0,999,5.0,0.9803,True,synthetic,timing,46,5444,,,,,,,,
astar,v1000_moderate_seed11,1000,60628,moderate,0,999,5.0,0.6817,True,synthetic,timing,46,5444,,,,,,,,
astar,v1000_moderate_seed11,1000,60628,moderate,0,999,5.0,0.662,True,synthetic,timing,46,5444,,,,,,,,
astar,v1000_moderate_seed11,1000,60628,moderate,0,999,5.0,0.7413,True,synthetic,timing,46,5444,,,,,,,,
astar,v1000_moderate_seed11,1000,60628,moderate,0,999,5.0,0.7335,True,synthetic,timing,46,5444,,,,,,,,
astar,v1000_moderate_seed11,1000,60628,moderate,0,999,5.0,4.4939,True,synthetic,memory,46,5444,,,202.438,,,,,
harmony_search,v1000_moderate_seed11,1000,60628,moderate,0,999,5,257.1796,True,synthetic,timing,,,,280,,11000,0.8,0.3,30,250
harmony_search,v1000_moderate_seed11,1000,60628,moderate,0,999,5,328.6685,True,synthetic,timing,,,,280,,11001,0.8,0.3,30,250
harmony_search,v1000_moderate_seed11,1000,60628,moderate,0,999,5,320.4287,True,synthetic,timing,,,,280,,11002,0.8,0.3,30,250
harmony_search,v1000_moderate_seed11,1000,60628,moderate,0,999,5,315.4707,True,synthetic,timing,,,,280,,11003,0.8,0.3,30,250
harmony_search,v1000_moderate_seed11,1000,60628,moderate,0,999,5,287.2318,True,synthetic,timing,,,,280,,11004,0.8,0.3,30,250
harmony_search,v1000_moderate_seed11,1000,60628,moderate,0,999,5,251.6623,True,synthetic,timing,,,,280,,11005,0.8,0.3,30,250
harmony_search,v1000_moderate_seed11,1000,60628,moderate,0,999,5,328.3391,True,synthetic,timing,,,,280,,11006,0.8,0.3,30,250
harmony_search,v1000_moderate_seed11,1000,60628,moderate,0,999,5,376.5136,True,synthetic,timing,,,,280,,11007,0.8,0.3,30,250
harmony_search,v1000_moderate_seed11,1000,60628,moderate,0,999,5,335.9097,True,synthetic,timing,,,,280,,11008,0.8,0.3,30,250
harmony_search,v1000_moderate_seed11,1000,60628,moderate,0,999,5,327.6451,True,synthetic,timing,,,,280,,11009,0.8,0.3,30,250
harmony_search,v1000_moderate_seed11,1000,60628,moderate,0,999,5,337.9076,True,synthetic,timing,,,,280,,11010,0.8,0.3,30,250
harmony_search,v1000_moderate_seed11,1000,60628,moderate,0,999,5,397.2215,True,synthetic,timing,,,,280,,11011,0.8,0.3,30,250
harmony_search,v1000_moderate_seed11,1000,60628,moderate,0,999,5,422.3881,True,synthetic,timing,,,,280,,11012,0.8,0.3,30,250
harmony_search,v1000_moderate_seed11,1000,60628,moderate,0,999,5,340.5212,True,synthetic,timing,,,,280,,11013,0.8,0.3,30,250
harmony_search,v1000_moderate_seed11,1000,60628,moderate,0,999,5,299.3237,True,synthetic,timing,,,,280,,11014,0.8,0.3,30,250
harmony_search,v1000_moderate_seed11,1000,60628,moderate,0,999,5,325.9875,True,synthetic,timing,,,,280,,11015,0.8,0.3,30,250
harmony_search,v1000_moderate_seed11,1000,60628,moderate,0,999,5,355.0152,True,synthetic,timing,,,,280,,11016,0.8,0.3,30,250
harmony_search,v1000_moderate_seed11,1000,60628,moderate,0,999,5,360.9299,True,synthetic,timing,,,,280,,11017,0.8,0.3,30,250
harmony_search,v1000_moderate_seed11,1000,60628,moderate,0,999,5,306.104,True,synthetic,timing,,,,280,,11018,0.8,0.3,30,250
harmony_search,v1000_moderate_seed11,1000,60628,moderate,0,999,5,332.1394,True,synthetic,timing,,,,280,,11019,0.8,0.3,30,250
harmony_search,v1000_moderate_seed11,1000,60628,moderate,0,999,5,400.905,True,synthetic,timing,,,,280,,11020,0.8,0.3,30,250
harmony_search,v1000_moderate_seed11,1000,60628,moderate,0,999,5,262.2309,True,synthetic,timing,,,,280,,11021,0.8,0.3,30,250
harmony_search,v1000_moderate_seed11,1000,60628,moderate,0,999,5,263.7751,True,synthetic,timing,,,,280,,11022,0.8,0.3,30,250
harmony_search,v1000_moderate_seed11,1000,60628,moderate,0,999,5,315.9657,True,synthetic,timing,,,,280,,11023,0.8,0.3,30,250
harmony_search,v1000_moderate_seed11,1000,60628,moderate,0,999,5,388.182,True,synthetic,timing,,,,280,,11024,0.8,0.3,30,250
harmony_search,v1000_moderate_seed11,1000,60628,moderate,0,999,5,335.552,True,synthetic,timing,,,,280,,11025,0.8,0.3,30,250
harmony_search,v1000_moderate_seed11,1000,60628,moderate,0,999,5,247.8093,True,synthetic,timing,,,,280,,11026,0.8,0.3,30,250
harmony_search,v1000_moderate_seed11,1000,60628,moderate,0,999,5,328.3463,True,synthetic,timing,,,,280,,11027,0.8,0.3,30,250
harmony_search,v1000_moderate_seed11,1000,60628,moderate,0,999,5,333.1516,True,synthetic,timing,,,,280,,11028,0.8,0.3,30,250
harmony_search,v1000_moderate_seed11,1000,60628,moderate,0,999,5,305.0064,True,synthetic,timing,,,,280,,11029,0.8,0.3,30,250
harmony_search,v1000_moderate_seed11,1000,60628,moderate,0,999,5,474.4945,True,synthetic,memory,,,,280,552.375,11000,0.8,0.3,30,250
dijkstra,v1000_moderate_seed23,1000,61076,moderate,0,999,13.0,7.3984,True,synthetic,timing,945,115296,,,,,,,,
dijkstra,v1000_moderate_seed23,1000,61076,moderate,0,999,13.0,8.7165,True,synthetic,timing,945,115296,,,,,,,,
dijkstra,v1000_moderate_seed23,1000,61076,moderate,0,999,13.0,8.2447,True,synthetic,timing,945,115296,,,,,,,,
dijkstra,v1000_moderate_seed23,1000,61076,moderate,0,999,13.0,7.3803,True,synthetic,timing,945,115296,,,,,,,,
dijkstra,v1000_moderate_seed23,1000,61076,moderate,0,999,13.0,6.8733,True,synthetic,timing,945,115296,,,,,,,,
dijkstra,v1000_moderate_seed23,1000,61076,moderate,0,999,13.0,39.7042,True,synthetic,memory,945,115296,,,268.367,,,,,
bellman_ford,v1000_moderate_seed23,1000,61076,moderate,0,999,13.0,96.9449,True,synthetic,timing,,610760,6541,,,,,,,
bellman_ford,v1000_moderate_seed23,1000,61076,moderate,0,999,13.0,92.6962,True,synthetic,timing,,610760,6541,,,,,,,
bellman_ford,v1000_moderate_seed23,1000,61076,moderate,0,999,13.0,100.2515,True,synthetic,timing,,610760,6541,,,,,,,
bellman_ford,v1000_moderate_seed23,1000,61076,moderate,0,999,13.0,95.3415,True,synthetic,timing,,610760,6541,,,,,,,
bellman_ford,v1000_moderate_seed23,1000,61076,moderate,0,999,13.0,98.0224,True,synthetic,timing,,610760,6541,,,,,,,
bellman_ford,v1000_moderate_seed23,1000,61076,moderate,0,999,13.0,823.3011,True,synthetic,memory,,610760,6541,,10418.828,,,,,
astar,v1000_moderate_seed23,1000,61076,moderate,0,999,13.0,7.5583,True,synthetic,timing,945,115296,,,,,,,,
astar,v1000_moderate_seed23,1000,61076,moderate,0,999,13.0,6.8777,True,synthetic,timing,945,115296,,,,,,,,
astar,v1000_moderate_seed23,1000,61076,moderate,0,999,13.0,6.7295,True,synthetic,timing,945,115296,,,,,,,,
astar,v1000_moderate_seed23,1000,61076,moderate,0,999,13.0,7.1282,True,synthetic,timing,945,115296,,,,,,,,
astar,v1000_moderate_seed23,1000,61076,moderate,0,999,13.0,6.7874,True,synthetic,timing,945,115296,,,,,,,,
astar,v1000_moderate_seed23,1000,61076,moderate,0,999,13.0,44.3586,True,synthetic,memory,945,115296,,,353.398,,,,,
harmony_search,v1000_moderate_seed23,1000,61076,moderate,0,999,63,314.2302,True,synthetic,timing,,,,280,,23000,0.8,0.3,30,250
harmony_search,v1000_moderate_seed23,1000,61076,moderate,0,999,53,332.1038,True,synthetic,timing,,,,280,,23001,0.8,0.3,30,250
harmony_search,v1000_moderate_seed23,1000,61076,moderate,0,999,41,345.9602,True,synthetic,timing,,,,280,,23002,0.8,0.3,30,250
harmony_search,v1000_moderate_seed23,1000,61076,moderate,0,999,90,327.7723,True,synthetic,timing,,,,280,,23003,0.8,0.3,30,250
harmony_search,v1000_moderate_seed23,1000,61076,moderate,0,999,68,337.386,True,synthetic,timing,,,,280,,23004,0.8,0.3,30,250
harmony_search,v1000_moderate_seed23,1000,61076,moderate,0,999,41,368.4526,True,synthetic,timing,,,,280,,23005,0.8,0.3,30,250
harmony_search,v1000_moderate_seed23,1000,61076,moderate,0,999,75,352.0094,True,synthetic,timing,,,,280,,23006,0.8,0.3,30,250
harmony_search,v1000_moderate_seed23,1000,61076,moderate,0,999,120,313.1023,True,synthetic,timing,,,,280,,23007,0.8,0.3,30,250
harmony_search,v1000_moderate_seed23,1000,61076,moderate,0,999,68,296.5008,True,synthetic,timing,,,,280,,23008,0.8,0.3,30,250
harmony_search,v1000_moderate_seed23,1000,61076,moderate,0,999,68,268.2639,True,synthetic,timing,,,,280,,23009,0.8,0.3,30,250
harmony_search,v1000_moderate_seed23,1000,61076,moderate,0,999,41,357.3712,True,synthetic,timing,,,,280,,23010,0.8,0.3,30,250
harmony_search,v1000_moderate_seed23,1000,61076,moderate,0,999,125,418.9248,True,synthetic,timing,,,,280,,23011,0.8,0.3,30,250
harmony_search,v1000_moderate_seed23,1000,61076,moderate,0,999,151,341.5898,True,synthetic,timing,,,,280,,23012,0.8,0.3,30,250
harmony_search,v1000_moderate_seed23,1000,61076,moderate,0,999,69,293.2226,True,synthetic,timing,,,,280,,23013,0.8,0.3,30,250
harmony_search,v1000_moderate_seed23,1000,61076,moderate,0,999,41,329.6078,True,synthetic,timing,,,,280,,23014,0.8,0.3,30,250
harmony_search,v1000_moderate_seed23,1000,61076,moderate,0,999,62,335.2513,True,synthetic,timing,,,,280,,23015,0.8,0.3,30,250
harmony_search,v1000_moderate_seed23,1000,61076,moderate,0,999,27,323.2376,True,synthetic,timing,,,,280,,23016,0.8,0.3,30,250
harmony_search,v1000_moderate_seed23,1000,61076,moderate,0,999,76,261.5967,True,synthetic,timing,,,,280,,23017,0.8,0.3,30,250
harmony_search,v1000_moderate_seed23,1000,61076,moderate,0,999,77,315.5576,True,synthetic,timing,,,,280,,23018,0.8,0.3,30,250
harmony_search,v1000_moderate_seed23,1000,61076,moderate,0,999,119,351.8278,True,synthetic,timing,,,,280,,23019,0.8,0.3,30,250
harmony_search,v1000_moderate_seed23,1000,61076,moderate,0,999,48,355.8198,True,synthetic,timing,,,,280,,23020,0.8,0.3,30,250
harmony_search,v1000_moderate_seed23,1000,61076,moderate,0,999,75,326.2137,True,synthetic,timing,,,,280,,23021,0.8,0.3,30,250
harmony_search,v1000_moderate_seed23,1000,61076,moderate,0,999,40,385.5812,True,synthetic,timing,,,,280,,23022,0.8,0.3,30,250
harmony_search,v1000_moderate_seed23,1000,61076,moderate,0,999,57,318.6849,True,synthetic,timing,,,,280,,23023,0.8,0.3,30,250
harmony_search,v1000_moderate_seed23,1000,61076,moderate,0,999,58,353.1675,True,synthetic,timing,,,,280,,23024,0.8,0.3,30,250
harmony_search,v1000_moderate_seed23,1000,61076,moderate,0,999,48,274.3306,True,synthetic,timing,,,,280,,23025,0.8,0.3,30,250
harmony_search,v1000_moderate_seed23,1000,61076,moderate,0,999,46,336.6271,True,synthetic,timing,,,,280,,23026,0.8,0.3,30,250
harmony_search,v1000_moderate_seed23,1000,61076,moderate,0,999,122,285.4957,True,synthetic,timing,,,,280,,23027,0.8,0.3,30,250
harmony_search,v1000_moderate_seed23,1000,61076,moderate,0,999,68,393.3093,True,synthetic,timing,,,,280,,23028,0.8,0.3,30,250
harmony_search,v1000_moderate_seed23,1000,61076,moderate,0,999,74,327.5382,True,synthetic,timing,,,,280,,23029,0.8,0.3,30,250
harmony_search,v1000_moderate_seed23,1000,61076,moderate,0,999,63,567.4051,True,synthetic,memory,,,,280,596.719,23000,0.8,0.3,30,250
dijkstra,v1000_moderate_seed37,1000,60544,moderate,0,999,14.0,8.4947,True,synthetic,timing,944,114377,,,,,,,,
dijkstra,v1000_moderate_seed37,1000,60544,moderate,0,999,14.0,7.7093,True,synthetic,timing,944,114377,,,,,,,,
dijkstra,v1000_moderate_seed37,1000,60544,moderate,0,999,14.0,7.54,True,synthetic,timing,944,114377,,,,,,,,
dijkstra,v1000_moderate_seed37,1000,60544,moderate,0,999,14.0,7.3891,True,synthetic,timing,944,114377,,,,,,,,
dijkstra,v1000_moderate_seed37,1000,60544,moderate,0,999,14.0,6.9292,True,synthetic,timing,944,114377,,,,,,,,
dijkstra,v1000_moderate_seed37,1000,60544,moderate,0,999,14.0,40.2245,True,synthetic,memory,944,114377,,,274.188,,,,,
bellman_ford,v1000_moderate_seed37,1000,60544,moderate,0,999,14.0,116.8675,True,synthetic,timing,,847616,7447,,,,,,,
bellman_ford,v1000_moderate_seed37,1000,60544,moderate,0,999,14.0,114.3315,True,synthetic,timing,,847616,7447,,,,,,,
bellman_ford,v1000_moderate_seed37,1000,60544,moderate,0,999,14.0,115.8246,True,synthetic,timing,,847616,7447,,,,,,,
bellman_ford,v1000_moderate_seed37,1000,60544,moderate,0,999,14.0,114.1017,True,synthetic,timing,,847616,7447,,,,,,,
bellman_ford,v1000_moderate_seed37,1000,60544,moderate,0,999,14.0,113.467,True,synthetic,timing,,847616,7447,,,,,,,
bellman_ford,v1000_moderate_seed37,1000,60544,moderate,0,999,14.0,1041.7963,True,synthetic,memory,,847616,7447,,10348.172,,,,,
astar,v1000_moderate_seed37,1000,60544,moderate,0,999,14.0,7.5539,True,synthetic,timing,944,114377,,,,,,,,
astar,v1000_moderate_seed37,1000,60544,moderate,0,999,14.0,6.9739,True,synthetic,timing,944,114377,,,,,,,,
astar,v1000_moderate_seed37,1000,60544,moderate,0,999,14.0,6.764,True,synthetic,timing,944,114377,,,,,,,,
astar,v1000_moderate_seed37,1000,60544,moderate,0,999,14.0,6.9521,True,synthetic,timing,944,114377,,,,,,,,
astar,v1000_moderate_seed37,1000,60544,moderate,0,999,14.0,6.7829,True,synthetic,timing,944,114377,,,,,,,,
astar,v1000_moderate_seed37,1000,60544,moderate,0,999,14.0,43.5807,True,synthetic,memory,944,114377,,,361.461,,,,,
harmony_search,v1000_moderate_seed37,1000,60544,moderate,0,999,26,344.082,True,synthetic,timing,,,,280,,37000,0.8,0.3,30,250
harmony_search,v1000_moderate_seed37,1000,60544,moderate,0,999,72,338.5435,True,synthetic,timing,,,,280,,37001,0.8,0.3,30,250
harmony_search,v1000_moderate_seed37,1000,60544,moderate,0,999,14,445.8902,True,synthetic,timing,,,,280,,37002,0.8,0.3,30,250
harmony_search,v1000_moderate_seed37,1000,60544,moderate,0,999,90,362.1803,True,synthetic,timing,,,,280,,37003,0.8,0.3,30,250
harmony_search,v1000_moderate_seed37,1000,60544,moderate,0,999,114,344.6545,True,synthetic,timing,,,,280,,37004,0.8,0.3,30,250
harmony_search,v1000_moderate_seed37,1000,60544,moderate,0,999,54,280.8311,True,synthetic,timing,,,,280,,37005,0.8,0.3,30,250
harmony_search,v1000_moderate_seed37,1000,60544,moderate,0,999,128,319.5309,True,synthetic,timing,,,,280,,37006,0.8,0.3,30,250
harmony_search,v1000_moderate_seed37,1000,60544,moderate,0,999,45,291.1285,True,synthetic,timing,,,,280,,37007,0.8,0.3,30,250
harmony_search,v1000_moderate_seed37,1000,60544,moderate,0,999,45,333.7722,True,synthetic,timing,,,,280,,37008,0.8,0.3,30,250
harmony_search,v1000_moderate_seed37,1000,60544,moderate,0,999,71,368.255,True,synthetic,timing,,,,280,,37009,0.8,0.3,30,250
harmony_search,v1000_moderate_seed37,1000,60544,moderate,0,999,45,378.1355,True,synthetic,timing,,,,280,,37010,0.8,0.3,30,250
harmony_search,v1000_moderate_seed37,1000,60544,moderate,0,999,14,463.3104,True,synthetic,timing,,,,280,,37011,0.8,0.3,30,250
harmony_search,v1000_moderate_seed37,1000,60544,moderate,0,999,14,328.767,True,synthetic,timing,,,,280,,37012,0.8,0.3,30,250
harmony_search,v1000_moderate_seed37,1000,60544,moderate,0,999,45,326.5934,True,synthetic,timing,,,,280,,37013,0.8,0.3,30,250
harmony_search,v1000_moderate_seed37,1000,60544,moderate,0,999,74,390.474,True,synthetic,timing,,,,280,,37014,0.8,0.3,30,250
harmony_search,v1000_moderate_seed37,1000,60544,moderate,0,999,86,325.8304,True,synthetic,timing,,,,280,,37015,0.8,0.3,30,250
harmony_search,v1000_moderate_seed37,1000,60544,moderate,0,999,49,321.4231,True,synthetic,timing,,,,280,,37016,0.8,0.3,30,250
harmony_search,v1000_moderate_seed37,1000,60544,moderate,0,999,74,435.8372,True,synthetic,timing,,,,280,,37017,0.8,0.3,30,250
harmony_search,v1000_moderate_seed37,1000,60544,moderate,0,999,38,305.6071,True,synthetic,timing,,,,280,,37018,0.8,0.3,30,250
harmony_search,v1000_moderate_seed37,1000,60544,moderate,0,999,110,358.8447,True,synthetic,timing,,,,280,,37019,0.8,0.3,30,250
harmony_search,v1000_moderate_seed37,1000,60544,moderate,0,999,143,303.3808,True,synthetic,timing,,,,280,,37020,0.8,0.3,30,250
harmony_search,v1000_moderate_seed37,1000,60544,moderate,0,999,14,386.9627,True,synthetic,timing,,,,280,,37021,0.8,0.3,30,250
harmony_search,v1000_moderate_seed37,1000,60544,moderate,0,999,14,309.0884,True,synthetic,timing,,,,280,,37022,0.8,0.3,30,250
harmony_search,v1000_moderate_seed37,1000,60544,moderate,0,999,14,435.8048,True,synthetic,timing,,,,280,,37023,0.8,0.3,30,250
harmony_search,v1000_moderate_seed37,1000,60544,moderate,0,999,14,350.5617,True,synthetic,timing,,,,280,,37024,0.8,0.3,30,250
harmony_search,v1000_moderate_seed37,1000,60544,moderate,0,999,170,364.1306,True,synthetic,timing,,,,280,,37025,0.8,0.3,30,250
harmony_search,v1000_moderate_seed37,1000,60544,moderate,0,999,81,382.039,True,synthetic,timing,,,,280,,37026,0.8,0.3,30,250
harmony_search,v1000_moderate_seed37,1000,60544,moderate,0,999,109,329.2108,True,synthetic,timing,,,,280,,37027,0.8,0.3,30,250
harmony_search,v1000_moderate_seed37,1000,60544,moderate,0,999,91,301.6018,True,synthetic,timing,,,,280,,37028,0.8,0.3,30,250
harmony_search,v1000_moderate_seed37,1000,60544,moderate,0,999,66,343.2624,True,synthetic,timing,,,,280,,37029,0.8,0.3,30,250
harmony_search,v1000_moderate_seed37,1000,60544,moderate,0,999,26,618.277,True,synthetic,memory,,,,280,614.609,37000,0.8,0.3,30,250
dijkstra,v1000_dense_seed11,1000,125717,dense,0,999,6.0,11.9348,True,synthetic,timing,807,202850,,,,,,,,
dijkstra,v1000_dense_seed11,1000,125717,dense,0,999,6.0,11.1549,True,synthetic,timing,807,202850,,,,,,,,
dijkstra,v1000_dense_seed11,1000,125717,dense,0,999,6.0,11.063,True,synthetic,timing,807,202850,,,,,,,,
dijkstra,v1000_dense_seed11,1000,125717,dense,0,999,6.0,11.4734,True,synthetic,timing,807,202850,,,,,,,,
dijkstra,v1000_dense_seed11,1000,125717,dense,0,999,6.0,12.6488,True,synthetic,timing,807,202850,,,,,,,,
dijkstra,v1000_dense_seed11,1000,125717,dense,0,999,6.0,67.8635,True,synthetic,memory,807,202850,,,326.898,,,,,
bellman_ford,v1000_dense_seed11,1000,125717,dense,0,999,6.0,198.951,True,synthetic,timing,,1257170,7296,,,,,,,
bellman_ford,v1000_dense_seed11,1000,125717,dense,0,999,6.0,194.9823,True,synthetic,timing,,1257170,7296,,,,,,,
bellman_ford,v1000_dense_seed11,1000,125717,dense,0,999,6.0,196.5987,True,synthetic,timing,,1257170,7296,,,,,,,
bellman_ford,v1000_dense_seed11,1000,125717,dense,0,999,6.0,193.8264,True,synthetic,timing,,1257170,7296,,,,,,,
bellman_ford,v1000_dense_seed11,1000,125717,dense,0,999,6.0,201.1273,True,synthetic,timing,,1257170,7296,,,,,,,
bellman_ford,v1000_dense_seed11,1000,125717,dense,0,999,6.0,1745.8684,True,synthetic,memory,,1257170,7296,,21553.773,,,,,
astar,v1000_dense_seed11,1000,125717,dense,0,999,6.0,11.9287,True,synthetic,timing,807,202850,,,,,,,,
astar,v1000_dense_seed11,1000,125717,dense,0,999,6.0,12.0725,True,synthetic,timing,807,202850,,,,,,,,
astar,v1000_dense_seed11,1000,125717,dense,0,999,6.0,11.4849,True,synthetic,timing,807,202850,,,,,,,,
astar,v1000_dense_seed11,1000,125717,dense,0,999,6.0,11.1992,True,synthetic,timing,807,202850,,,,,,,,
astar,v1000_dense_seed11,1000,125717,dense,0,999,6.0,11.1845,True,synthetic,timing,807,202850,,,,,,,,
astar,v1000_dense_seed11,1000,125717,dense,0,999,6.0,75.4907,True,synthetic,memory,807,202850,,,433.422,,,,,
harmony_search,v1000_dense_seed11,1000,125717,dense,0,999,17,628.7762,True,synthetic,timing,,,,280,,11000,0.8,0.3,30,250
harmony_search,v1000_dense_seed11,1000,125717,dense,0,999,76,622.9788,True,synthetic,timing,,,,280,,11001,0.8,0.3,30,250
harmony_search,v1000_dense_seed11,1000,125717,dense,0,999,17,623.6629,True,synthetic,timing,,,,280,,11002,0.8,0.3,30,250
harmony_search,v1000_dense_seed11,1000,125717,dense,0,999,111,651.0796,True,synthetic,timing,,,,280,,11003,0.8,0.3,30,250
harmony_search,v1000_dense_seed11,1000,125717,dense,0,999,61,705.8512,True,synthetic,timing,,,,280,,11004,0.8,0.3,30,250
harmony_search,v1000_dense_seed11,1000,125717,dense,0,999,95,482.3748,True,synthetic,timing,,,,280,,11005,0.8,0.3,30,250
harmony_search,v1000_dense_seed11,1000,125717,dense,0,999,85,615.5584,True,synthetic,timing,,,,280,,11006,0.8,0.3,30,250
harmony_search,v1000_dense_seed11,1000,125717,dense,0,999,91,542.603,True,synthetic,timing,,,,280,,11007,0.8,0.3,30,250
harmony_search,v1000_dense_seed11,1000,125717,dense,0,999,31,546.3448,True,synthetic,timing,,,,280,,11008,0.8,0.3,30,250
harmony_search,v1000_dense_seed11,1000,125717,dense,0,999,89,574.5928,True,synthetic,timing,,,,280,,11009,0.8,0.3,30,250
harmony_search,v1000_dense_seed11,1000,125717,dense,0,999,27,628.6481,True,synthetic,timing,,,,280,,11010,0.8,0.3,30,250
harmony_search,v1000_dense_seed11,1000,125717,dense,0,999,17,664.1214,True,synthetic,timing,,,,280,,11011,0.8,0.3,30,250
harmony_search,v1000_dense_seed11,1000,125717,dense,0,999,80,656.0351,True,synthetic,timing,,,,280,,11012,0.8,0.3,30,250
harmony_search,v1000_dense_seed11,1000,125717,dense,0,999,119,582.3395,True,synthetic,timing,,,,280,,11013,0.8,0.3,30,250
harmony_search,v1000_dense_seed11,1000,125717,dense,0,999,58,582.9766,True,synthetic,timing,,,,280,,11014,0.8,0.3,30,250
harmony_search,v1000_dense_seed11,1000,125717,dense,0,999,61,577.7748,True,synthetic,timing,,,,280,,11015,0.8,0.3,30,250
harmony_search,v1000_dense_seed11,1000,125717,dense,0,999,63,604.0511,True,synthetic,timing,,,,280,,11016,0.8,0.3,30,250
harmony_search,v1000_dense_seed11,1000,125717,dense,0,999,46,529.8661,True,synthetic,timing,,,,280,,11017,0.8,0.3,30,250
harmony_search,v1000_dense_seed11,1000,125717,dense,0,999,78,609.7871,True,synthetic,timing,,,,280,,11018,0.8,0.3,30,250
harmony_search,v1000_dense_seed11,1000,125717,dense,0,999,18,545.7861,True,synthetic,timing,,,,280,,11019,0.8,0.3,30,250
harmony_search,v1000_dense_seed11,1000,125717,dense,0,999,57,575.9119,True,synthetic,timing,,,,280,,11020,0.8,0.3,30,250
harmony_search,v1000_dense_seed11,1000,125717,dense,0,999,116,558.8077,True,synthetic,timing,,,,280,,11021,0.8,0.3,30,250
harmony_search,v1000_dense_seed11,1000,125717,dense,0,999,61,488.8043,True,synthetic,timing,,,,280,,11022,0.8,0.3,30,250
harmony_search,v1000_dense_seed11,1000,125717,dense,0,999,87,542.2796,True,synthetic,timing,,,,280,,11023,0.8,0.3,30,250
harmony_search,v1000_dense_seed11,1000,125717,dense,0,999,118,519.2267,True,synthetic,timing,,,,280,,11024,0.8,0.3,30,250
harmony_search,v1000_dense_seed11,1000,125717,dense,0,999,17,562.9035,True,synthetic,timing,,,,280,,11025,0.8,0.3,30,250
harmony_search,v1000_dense_seed11,1000,125717,dense,0,999,57,610.0795,True,synthetic,timing,,,,280,,11026,0.8,0.3,30,250
harmony_search,v1000_dense_seed11,1000,125717,dense,0,999,61,612.0944,True,synthetic,timing,,,,280,,11027,0.8,0.3,30,250
harmony_search,v1000_dense_seed11,1000,125717,dense,0,999,61,625.1413,True,synthetic,timing,,,,280,,11028,0.8,0.3,30,250
harmony_search,v1000_dense_seed11,1000,125717,dense,0,999,86,496.4496,True,synthetic,timing,,,,280,,11029,0.8,0.3,30,250
harmony_search,v1000_dense_seed11,1000,125717,dense,0,999,17,945.9015,True,synthetic,memory,,,,280,570.031,11000,0.8,0.3,30,250
dijkstra,v1000_dense_seed23,1000,126171,dense,0,999,6.0,11.4933,True,synthetic,timing,762,192736,,,,,,,,
dijkstra,v1000_dense_seed23,1000,126171,dense,0,999,6.0,10.6915,True,synthetic,timing,762,192736,,,,,,,,
dijkstra,v1000_dense_seed23,1000,126171,dense,0,999,6.0,11.7251,True,synthetic,timing,762,192736,,,,,,,,
dijkstra,v1000_dense_seed23,1000,126171,dense,0,999,6.0,11.4789,True,synthetic,timing,762,192736,,,,,,,,
dijkstra,v1000_dense_seed23,1000,126171,dense,0,999,6.0,10.8636,True,synthetic,timing,762,192736,,,,,,,,
dijkstra,v1000_dense_seed23,1000,126171,dense,0,999,6.0,64.2626,True,synthetic,memory,762,192736,,,314.805,,,,,
bellman_ford,v1000_dense_seed23,1000,126171,dense,0,999,6.0,224.6713,True,synthetic,timing,,1514052,7263,,,,,,,
bellman_ford,v1000_dense_seed23,1000,126171,dense,0,999,6.0,225.0697,True,synthetic,timing,,1514052,7263,,,,,,,
bellman_ford,v1000_dense_seed23,1000,126171,dense,0,999,6.0,228.453,True,synthetic,timing,,1514052,7263,,,,,,,
bellman_ford,v1000_dense_seed23,1000,126171,dense,0,999,6.0,220.4308,True,synthetic,timing,,1514052,7263,,,,,,,
bellman_ford,v1000_dense_seed23,1000,126171,dense,0,999,6.0,224.0856,True,synthetic,timing,,1514052,7263,,,,,,,
bellman_ford,v1000_dense_seed23,1000,126171,dense,0,999,6.0,1925.5241,True,synthetic,memory,,1514052,7263,,21614.07,,,,,
astar,v1000_dense_seed23,1000,126171,dense,0,999,6.0,11.8513,True,synthetic,timing,762,192736,,,,,,,,
astar,v1000_dense_seed23,1000,126171,dense,0,999,6.0,10.8036,True,synthetic,timing,762,192736,,,,,,,,
astar,v1000_dense_seed23,1000,126171,dense,0,999,6.0,10.8047,True,synthetic,timing,762,192736,,,,,,,,
astar,v1000_dense_seed23,1000,126171,dense,0,999,6.0,10.6169,True,synthetic,timing,762,192736,,,,,,,,
astar,v1000_dense_seed23,1000,126171,dense,0,999,6.0,10.39,True,synthetic,timing,762,192736,,,,,,,,
astar,v1000_dense_seed23,1000,126171,dense,0,999,6.0,70.5811,True,synthetic,memory,762,192736,,,416.727,,,,,
harmony_search,v1000_dense_seed23,1000,126171,dense,0,999,78,413.5956,True,synthetic,timing,,,,280,,23000,0.8,0.3,30,250
harmony_search,v1000_dense_seed23,1000,126171,dense,0,999,11,580.4392,True,synthetic,timing,,,,280,,23001,0.8,0.3,30,250
harmony_search,v1000_dense_seed23,1000,126171,dense,0,999,11,762.3598,True,synthetic,timing,,,,280,,23002,0.8,0.3,30,250
harmony_search,v1000_dense_seed23,1000,126171,dense,0,999,66,435.8621,True,synthetic,timing,,,,280,,23003,0.8,0.3,30,250
harmony_search,v1000_dense_seed23,1000,126171,dense,0,999,86,584.711,True,synthetic,timing,,,,280,,23004,0.8,0.3,30,250
harmony_search,v1000_dense_seed23,1000,126171,dense,0,999,54,577.2948,True,synthetic,timing,,,,280,,23005,0.8,0.3,30,250
harmony_search,v1000_dense_seed23,1000,126171,dense,0,999,73,363.6837,True,synthetic,timing,,,,280,,23006,0.8,0.3,30,250
harmony_search,v1000_dense_seed23,1000,126171,dense,0,999,61,578.7146,True,synthetic,timing,,,,280,,23007,0.8,0.3,30,250
harmony_search,v1000_dense_seed23,1000,126171,dense,0,999,74,549.1954,True,synthetic,timing,,,,280,,23008,0.8,0.3,30,250
harmony_search,v1000_dense_seed23,1000,126171,dense,0,999,11,597.8941,True,synthetic,timing,,,,280,,23009,0.8,0.3,30,250
harmony_search,v1000_dense_seed23,1000,126171,dense,0,999,11,607.319,True,synthetic,timing,,,,280,,23010,0.8,0.3,30,250
harmony_search,v1000_dense_seed23,1000,126171,dense,0,999,55,683.4848,True,synthetic,timing,,,,280,,23011,0.8,0.3,30,250
harmony_search,v1000_dense_seed23,1000,126171,dense,0,999,73,637.4178,True,synthetic,timing,,,,280,,23012,0.8,0.3,30,250
harmony_search,v1000_dense_seed23,1000,126171,dense,0,999,12,654.1914,True,synthetic,timing,,,,280,,23013,0.8,0.3,30,250
harmony_search,v1000_dense_seed23,1000,126171,dense,0,999,91,687.1687,True,synthetic,timing,,,,280,,23014,0.8,0.3,30,250
harmony_search,v1000_dense_seed23,1000,126171,dense,0,999,95,818.6938,True,synthetic,timing,,,,280,,23015,0.8,0.3,30,250
harmony_search,v1000_dense_seed23,1000,126171,dense,0,999,11,613.0919,True,synthetic,timing,,,,280,,23016,0.8,0.3,30,250
harmony_search,v1000_dense_seed23,1000,126171,dense,0,999,11,827.3995,True,synthetic,timing,,,,280,,23017,0.8,0.3,30,250
harmony_search,v1000_dense_seed23,1000,126171,dense,0,999,11,531.5083,True,synthetic,timing,,,,280,,23018,0.8,0.3,30,250
harmony_search,v1000_dense_seed23,1000,126171,dense,0,999,54,847.0969,True,synthetic,timing,,,,280,,23019,0.8,0.3,30,250
harmony_search,v1000_dense_seed23,1000,126171,dense,0,999,11,655.1879,True,synthetic,timing,,,,280,,23020,0.8,0.3,30,250
harmony_search,v1000_dense_seed23,1000,126171,dense,0,999,54,517.3974,True,synthetic,timing,,,,280,,23021,0.8,0.3,30,250
harmony_search,v1000_dense_seed23,1000,126171,dense,0,999,73,619.9703,True,synthetic,timing,,,,280,,23022,0.8,0.3,30,250
harmony_search,v1000_dense_seed23,1000,126171,dense,0,999,12,474.4488,True,synthetic,timing,,,,280,,23023,0.8,0.3,30,250
harmony_search,v1000_dense_seed23,1000,126171,dense,0,999,87,719.1686,True,synthetic,timing,,,,280,,23024,0.8,0.3,30,250
harmony_search,v1000_dense_seed23,1000,126171,dense,0,999,79,506.2413,True,synthetic,timing,,,,280,,23025,0.8,0.3,30,250
harmony_search,v1000_dense_seed23,1000,126171,dense,0,999,11,564.1575,True,synthetic,timing,,,,280,,23026,0.8,0.3,30,250
harmony_search,v1000_dense_seed23,1000,126171,dense,0,999,49,562.4068,True,synthetic,timing,,,,280,,23027,0.8,0.3,30,250
harmony_search,v1000_dense_seed23,1000,126171,dense,0,999,76,606.8488,True,synthetic,timing,,,,280,,23028,0.8,0.3,30,250
harmony_search,v1000_dense_seed23,1000,126171,dense,0,999,11,729.2566,True,synthetic,timing,,,,280,,23029,0.8,0.3,30,250
harmony_search,v1000_dense_seed23,1000,126171,dense,0,999,78,652.6778,True,synthetic,memory,,,,280,523.578,23000,0.8,0.3,30,250
dijkstra,v1000_dense_seed37,1000,125407,dense,0,999,6.0,12.845,True,synthetic,timing,874,219117,,,,,,,,
dijkstra,v1000_dense_seed37,1000,125407,dense,0,999,6.0,12.0664,True,synthetic,timing,874,219117,,,,,,,,
dijkstra,v1000_dense_seed37,1000,125407,dense,0,999,6.0,12.1408,True,synthetic,timing,874,219117,,,,,,,,
dijkstra,v1000_dense_seed37,1000,125407,dense,0,999,6.0,12.4678,True,synthetic,timing,874,219117,,,,,,,,
dijkstra,v1000_dense_seed37,1000,125407,dense,0,999,6.0,12.462,True,synthetic,timing,874,219117,,,,,,,,
dijkstra,v1000_dense_seed37,1000,125407,dense,0,999,6.0,71.377,True,synthetic,memory,874,219117,,,323.422,,,,,
bellman_ford,v1000_dense_seed37,1000,125407,dense,0,999,6.0,201.0516,True,synthetic,timing,,1254070,7821,,,,,,,
bellman_ford,v1000_dense_seed37,1000,125407,dense,0,999,6.0,197.5807,True,synthetic,timing,,1254070,7821,,,,,,,
bellman_ford,v1000_dense_seed37,1000,125407,dense,0,999,6.0,195.0157,True,synthetic,timing,,1254070,7821,,,,,,,
bellman_ford,v1000_dense_seed37,1000,125407,dense,0,999,6.0,193.2347,True,synthetic,timing,,1254070,7821,,,,,,,
bellman_ford,v1000_dense_seed37,1000,125407,dense,0,999,6.0,198.7636,True,synthetic,timing,,1254070,7821,,,,,,,
bellman_ford,v1000_dense_seed37,1000,125407,dense,0,999,6.0,1540.0149,True,synthetic,memory,,1254070,7821,,21512.602,,,,,
astar,v1000_dense_seed37,1000,125407,dense,0,999,6.0,13.2856,True,synthetic,timing,874,219117,,,,,,,,
astar,v1000_dense_seed37,1000,125407,dense,0,999,6.0,13.0422,True,synthetic,timing,874,219117,,,,,,,,
astar,v1000_dense_seed37,1000,125407,dense,0,999,6.0,13.0318,True,synthetic,timing,874,219117,,,,,,,,
astar,v1000_dense_seed37,1000,125407,dense,0,999,6.0,13.4406,True,synthetic,timing,874,219117,,,,,,,,
astar,v1000_dense_seed37,1000,125407,dense,0,999,6.0,13.1456,True,synthetic,timing,874,219117,,,,,,,,
astar,v1000_dense_seed37,1000,125407,dense,0,999,6.0,77.7786,True,synthetic,memory,874,219117,,,427.484,,,,,
harmony_search,v1000_dense_seed37,1000,125407,dense,0,999,135,644.2688,True,synthetic,timing,,,,280,,37000,0.8,0.3,30,250
harmony_search,v1000_dense_seed37,1000,125407,dense,0,999,27,741.6273,True,synthetic,timing,,,,280,,37001,0.8,0.3,30,250
harmony_search,v1000_dense_seed37,1000,125407,dense,0,999,16,841.6102,True,synthetic,timing,,,,280,,37002,0.8,0.3,30,250
harmony_search,v1000_dense_seed37,1000,125407,dense,0,999,38,657.8951,True,synthetic,timing,,,,280,,37003,0.8,0.3,30,250
harmony_search,v1000_dense_seed37,1000,125407,dense,0,999,67,563.9448,True,synthetic,timing,,,,280,,37004,0.8,0.3,30,250
harmony_search,v1000_dense_seed37,1000,125407,dense,0,999,81,700.1728,True,synthetic,timing,,,,280,,37005,0.8,0.3,30,250
harmony_search,v1000_dense_seed37,1000,125407,dense,0,999,64,593.1495,True,synthetic,timing,,,,280,,37006,0.8,0.3,30,250
harmony_search,v1000_dense_seed37,1000,125407,dense,0,999,64,595.036,True,synthetic,timing,,,,280,,37007,0.8,0.3,30,250
harmony_search,v1000_dense_seed37,1000,125407,dense,0,999,141,732.3266,True,synthetic,timing,,,,280,,37008,0.8,0.3,30,250
harmony_search,v1000_dense_seed37,1000,125407,dense,0,999,140,543.9699,True,synthetic,timing,,,,280,,37009,0.8,0.3,30,250
harmony_search,v1000_dense_seed37,1000,125407,dense,0,999,110,741.4141,True,synthetic,timing,,,,280,,37010,0.8,0.3,30,250
harmony_search,v1000_dense_seed37,1000,125407,dense,0,999,50,878.7546,True,synthetic,timing,,,,280,,37011,0.8,0.3,30,250
harmony_search,v1000_dense_seed37,1000,125407,dense,0,999,99,619.6658,True,synthetic,timing,,,,280,,37012,0.8,0.3,30,250
harmony_search,v1000_dense_seed37,1000,125407,dense,0,999,124,620.4949,True,synthetic,timing,,,,280,,37013,0.8,0.3,30,250
harmony_search,v1000_dense_seed37,1000,125407,dense,0,999,123,808.6938,True,synthetic,timing,,,,280,,37014,0.8,0.3,30,250
harmony_search,v1000_dense_seed37,1000,125407,dense,0,999,100,635.732,True,synthetic,timing,,,,280,,37015,0.8,0.3,30,250
harmony_search,v1000_dense_seed37,1000,125407,dense,0,999,79,653.9314,True,synthetic,timing,,,,280,,37016,0.8,0.3,30,250
harmony_search,v1000_dense_seed37,1000,125407,dense,0,999,33,654.1239,True,synthetic,timing,,,,280,,37017,0.8,0.3,30,250
harmony_search,v1000_dense_seed37,1000,125407,dense,0,999,64,608.7737,True,synthetic,timing,,,,280,,37018,0.8,0.3,30,250
harmony_search,v1000_dense_seed37,1000,125407,dense,0,999,37,545.0092,True,synthetic,timing,,,,280,,37019,0.8,0.3,30,250
harmony_search,v1000_dense_seed37,1000,125407,dense,0,999,67,597.9048,True,synthetic,timing,,,,280,,37020,0.8,0.3,30,250
harmony_search,v1000_dense_seed37,1000,125407,dense,0,999,105,838.1204,True,synthetic,timing,,,,280,,37021,0.8,0.3,30,250
harmony_search,v1000_dense_seed37,1000,125407,dense,0,999,70,615.4577,True,synthetic,timing,,,,280,,37022,0.8,0.3,30,250
harmony_search,v1000_dense_seed37,1000,125407,dense,0,999,34,664.486,True,synthetic,timing,,,,280,,37023,0.8,0.3,30,250
harmony_search,v1000_dense_seed37,1000,125407,dense,0,999,67,644.3358,True,synthetic,timing,,,,280,,37024,0.8,0.3,30,250
harmony_search,v1000_dense_seed37,1000,125407,dense,0,999,57,717.1382,True,synthetic,timing,,,,280,,37025,0.8,0.3,30,250
harmony_search,v1000_dense_seed37,1000,125407,dense,0,999,101,607.9416,True,synthetic,timing,,,,280,,37026,0.8,0.3,30,250
harmony_search,v1000_dense_seed37,1000,125407,dense,0,999,115,728.8738,True,synthetic,timing,,,,280,,37027,0.8,0.3,30,250
harmony_search,v1000_dense_seed37,1000,125407,dense,0,999,16,845.2476,True,synthetic,timing,,,,280,,37028,0.8,0.3,30,250
harmony_search,v1000_dense_seed37,1000,125407,dense,0,999,91,631.9699,True,synthetic,timing,,,,280,,37029,0.8,0.3,30,250
harmony_search,v1000_dense_seed37,1000,125407,dense,0,999,135,999.972,True,synthetic,memory,,,,280,558.438,37000,0.8,0.3,30,250
